id_distribuidor,monto_autorizado,tasa_minima,probabilidad,grupo_riesgo
140847,0,0,0.5490779281,Canasta 2
143960,0,0,0.5049648881,Canasta 2
145442,0,0,0.5995535254,Canasta 2
145444,10000,142,0.9532120228,Canasta 5
145969,10000,142,0.9089719057,Canasta 4
147364,0,0,0.7051388025,Canasta 2
147481,0,0,0.6838712096,Canasta 2
147486,0,0,0.2326734066,Canasta 1
147487,10000,147,0.7692042589,Canasta 3
147489,10000,127,0.9736328125,Canasta 6
147490,0,0,0.447730124,Canasta 1
147492,0,0,0.6396306157,Canasta 2
147582,0,0,0.3238474727,Canasta 1
147989,10000,147,0.8237352371,Canasta 3
147991,7000,142,0.8827112317,Canasta 4
148081,0,0,0.20625633,Canasta 1
151527,0,0,0.5517470837,Canasta 2
151626,10000,147,0.8264601827,Canasta 3
151641,0,0,0.5201773643,Canasta 2
151642,8000,142,0.8799408674,Canasta 4
151755,10000,142,0.9639108777,Canasta 5
151756,0,0,0.5629642606,Canasta 2
151757,0,0,0.7053405046,Canasta 2
151779,0,0,0.316175133,Canasta 1
151802,8000,142,0.8670610785,Canasta 4
151844,0,0,0.8311220407,Canasta 3
151883,0,0,0.5318051577,Canasta 2
151885,0,0,0.1788528413,Canasta 1
152069,8000,142,0.8475846648,Canasta 4
152120,0,0,0.5555379391,Canasta 2
152143,0,0,0.4113502502,Canasta 1
152162,0,0,0.6497368217,Canasta 2
152210,7000,142,0.8515716195,Canasta 4
152212,0,0,0.1853553802,Canasta 1
152227,0,0,0.9289289117,Canasta 4
152232,0,0,0.922349453,Canasta 4
152233,0,0,0.6161084771,Canasta 2
152263,0,0,0.5331688523,Canasta 2
152286,0,0,0.188473314,Canasta 1
152317,0,0,0.5594679117,Canasta 2
152329,0,0,0.1919392645,Canasta 1
152339,0,0,0.1331288517,Canasta 1
152344,0,0,0.5754114985,Canasta 2
152345,0,0,0.3948378563,Canasta 1
152346,0,0,0.5706970096,Canasta 2
152349,0,0,0.4144281745,Canasta 1
152362,0,0,0.1888915598,Canasta 1
152363,10000,142,0.9272546768,Canasta 4
152384,0,0,0.2968562841,Canasta 1
152385,0,0,0.5967876315,Canasta 2
152434,0,0,0.5855128169,Canasta 2
152472,0,0,0.1216875613,Canasta 1
152474,0,0,0.5111088753,Canasta 2
152475,0,0,0.4333603382,Canasta 1
152477,0,0,0.6801815033,Canasta 2
152523,0,0,0.3763575554,Canasta 1
152536,0,0,0.601958096,Canasta 2
152563,0,0,0.4209084213,Canasta 1
152566,0,0,0.2360207736,Canasta 1
152567,0,0,0.5462619066,Canasta 2
152598,0,0,0.8388869166,Canasta 3
152599,0,0,0.7494051456,Canasta 2
152602,10000,142,0.9549494982,Canasta 5
152605,0,0,0.6049047112,Canasta 2
152620,0,0,0.4972223341,Canasta 1
152623,0,0,0.5444723964,Canasta 2
152624,10000,147,0.8178322315,Canasta 3
152636,0,0,0.3296526074,Canasta 1
152641,0,0,0.1747863144,Canasta 1
152680,0,0,0.4419578314,Canasta 1
152716,0,0,0.9147689939,Canasta 4
152721,0,0,0.3602119684,Canasta 1
152760,10000,147,0.7593948841,Canasta 3
152778,0,0,0.6784213185,Canasta 2
152793,0,0,0.2631152868,Canasta 1
152794,0,0,0.6083740592,Canasta 2
152797,0,0,0.2635394931,Canasta 1
152798,10000,142,0.8622094393,Canasta 4
152801,0,0,0.7062774301,Canasta 2
152802,0,0,0.2815541327,Canasta 1
152815,0,0,0.0918926969,Canasta 1
152818,10000,147,0.8303623796,Canasta 3
152819,0,0,0.6955940127,Canasta 2
152820,0,0,0.0926825032,Canasta 1
152822,0,0,0.2780781686,Canasta 1
152823,10000,142,0.8450929523,Canasta 4
152826,8000,142,0.8881236911,Canasta 4
152832,0,0,0.1439304352,Canasta 1
152849,10000,142,0.9614886642,Canasta 5
152850,10000,127,0.9680073857,Canasta 6
152905,0,0,0.549110055,Canasta 2
152908,8000,142,0.8686343431,Canasta 4
152930,10000,147,0.8106074929,Canasta 3
152939,0,0,0.0803300068,Canasta 1
152941,0,0,0.3773088455,Canasta 1
152943,0,0,0.6507306695,Canasta 2
152945,10000,147,0.7759553194,Canasta 3
152953,0,0,0.1882675588,Canasta 1
152960,6000,142,0.9563994408,Canasta 5
152985,0,0,0.5367929935,Canasta 2
152999,10000,142,0.9584102035,Canasta 5
153000,0,0,0.8051650524,Canasta 3
153001,8000,142,0.927241981,Canasta 4
153018,10000,142,0.9632573724,Canasta 5
153038,0,0,0.8148167133,Canasta 3
153040,10000,127,0.9714862704,Canasta 6
153051,0,0,0.5748126507,Canasta 2
153055,10000,147,0.8005906343,Canasta 3
153065,0,0,0.0501213856,Canasta 1
153066,8000,142,0.9056048989,Canasta 4
153082,10000,142,0.8567306399,Canasta 4
153083,0,0,0.5360689759,Canasta 2
153085,9000,142,0.8750835657,Canasta 4
153086,10000,127,0.9743169546,Canasta 6
153087,10000,142,0.9547561407,Canasta 5
153088,10000,127,0.9691429734,Canasta 6
153090,0,0,0.6463038921,Canasta 2
153096,10000,142,0.9114820361,Canasta 4
153097,10000,127,0.9878365397,Canasta 6
153099,0,0,0.3172583282,Canasta 1
153101,0,0,0.0686453208,Canasta 1
153105,0,0,0.1899531335,Canasta 1
153106,10000,142,0.8491721153,Canasta 4
153138,0,0,0.5696525574,Canasta 2
153140,0,0,0.5969629288,Canasta 2
153145,10000,142,0.8991554976,Canasta 4
153162,10000,142,0.9361982942,Canasta 5
153163,10000,147,0.776330471,Canasta 3
153166,10000,142,0.9651453495,Canasta 5
153167,10000,142,0.9149127603,Canasta 4
153172,0,0,0.633325994,Canasta 2
153183,0,0,0.0670216903,Canasta 1
153185,0,0,0.3023249209,Canasta 1
153192,9000,142,0.9578584433,Canasta 5
153197,10000,142,0.8559784889,Canasta 4
153199,10000,147,0.7689501643,Canasta 3
153202,0,0,0.6724068522,Canasta 2
153203,10000,147,0.7783053517,Canasta 3
153214,9000,142,0.9546481371,Canasta 5
153220,0,0,0.1647247076,Canasta 1
153239,10000,142,0.9574412107,Canasta 5
153248,0,0,0.3056996763,Canasta 1
153251,0,0,0.1326844841,Canasta 1
153252,10000,142,0.8859988451,Canasta 4
153279,10000,142,0.8907575607,Canasta 4
153306,0,0,0.4659971297,Canasta 1
153307,0,0,0.8155274391,Canasta 3
153320,10000,147,0.8022179008,Canasta 3
153323,0,0,0.6913330555,Canasta 2
153341,0,0,0.7227618098,Canasta 2
153343,10000,142,0.9160491228,Canasta 4
153392,0,0,0.6550061703,Canasta 2
153395,0,0,0.6873517036,Canasta 2
153400,0,0,0.5077942014,Canasta 2
153401,10000,127,0.9811857343,Canasta 6
153407,0,0,0.5703544617,Canasta 2
153409,0,0,0.6471051574,Canasta 2
153427,10000,147,0.8208788633,Canasta 3
153431,0,0,0.4476868808,Canasta 1
153432,0,0,0.7513115406,Canasta 2
153433,0,0,0.139927581,Canasta 1
153448,8000,142,0.8461399674,Canasta 4
153499,0,0,0.6741599441,Canasta 2
153500,0,0,0.7186231017,Canasta 2
153502,0,0,0.562183857,Canasta 2
153504,5000,142,0.9370124936,Canasta 5
153505,0,0,0.7923724055,Canasta 3
153509,9000,147,0.7755209208,Canasta 3
153516,0,0,0.6130768657,Canasta 2
153518,10000,142,0.9034671783,Canasta 4
153522,9000,142,0.9202219248,Canasta 4
153539,10000,142,0.8822817802,Canasta 4
153542,0,0,0.6378759742,Canasta 2
153543,0,0,0.89201051,Canasta 4
153544,0,0,0.5241780281,Canasta 2
153545,10000,142,0.9493124485,Canasta 5
153547,0,0,0.5289366841,Canasta 2
153549,10000,142,0.8631097674,Canasta 4
153556,10000,142,0.8729096651,Canasta 4
153560,0,0,0.2972525954,Canasta 1
153564,10000,142,0.9319375157,Canasta 4
153565,10000,147,0.7650051117,Canasta 3
153568,0,0,0.1422192752,Canasta 1
153582,10000,142,0.9323307872,Canasta 4
153583,8000,142,0.9332973361,Canasta 4
153584,0,0,0.7250720859,Canasta 2
153585,0,0,0.6108381748,Canasta 2
153586,10000,142,0.8577295542,Canasta 4
153587,8000,142,0.8741548657,Canasta 4
153602,0,0,0.6033079028,Canasta 2
153603,0,0,0.6557904482,Canasta 2
153608,0,0,0.3062546551,Canasta 1
153619,0,0,0.3772153854,Canasta 1
153678,0,0,0.2845524251,Canasta 1
153704,10000,142,0.8682991862,Canasta 4
153705,10000,127,0.9730646014,Canasta 6
153706,0,0,0.2993239164,Canasta 1
153721,0,0,0.2965933084,Canasta 1
153722,0,0,0.7064801455,Canasta 2
153727,0,0,0.2999849021,Canasta 1
153761,0,0,0.3730329275,Canasta 1
153763,0,0,0.2012019604,Canasta 1
153765,0,0,0.1520555466,Canasta 1
153767,0,0,0.3695053458,Canasta 1
153774,0,0,0.6349285245,Canasta 2
153777,0,0,0.1610989571,Canasta 1
153795,10000,142,0.8587768674,Canasta 4
153820,0,0,0.0333025753,Canasta 1
153821,0,0,0.0338075906,Canasta 1
153822,0,0,0.3532887995,Canasta 1
153824,0,0,0.1737522632,Canasta 1
153825,0,0,0.3967818618,Canasta 1
153827,0,0,0.7120341659,Canasta 2
153828,0,0,0.1355650872,Canasta 1
153830,0,0,0.5628220439,Canasta 2
153837,10000,142,0.9496219754,Canasta 5
153838,0,0,0.6933394074,Canasta 2
153855,0,0,0.9302932024,Canasta 4
153857,10000,142,0.9082040787,Canasta 4
153878,0,0,0.6430099607,Canasta 2
153889,0,0,0.3699172437,Canasta 1
153904,0,0,0.7040127516,Canasta 2
153940,0,0,0.6690970659,Canasta 2
153961,0,0,0.5212143064,Canasta 2
153978,0,0,0.5045093298,Canasta 2
153981,10000,147,0.7954971194,Canasta 3
154036,0,0,0.5640654564,Canasta 2
154040,0,0,0.7288166285,Canasta 2
154042,9000,147,0.8277677298,Canasta 3
154045,9000,142,0.8746806979,Canasta 4
154056,10000,127,0.994263947,Canasta 6
154057,0,0,0.041927997,Canasta 1
154061,0,0,0.091086559,Canasta 1
154074,6000,142,0.967684269,Canasta 5
154075,10000,142,0.8946546912,Canasta 4
154076,0,0,0.7033512592,Canasta 2
154077,10000,142,0.9405730367,Canasta 5
154084,10000,142,0.9219088554,Canasta 4
154098,10000,142,0.8720247746,Canasta 4
154100,10000,142,0.8843005896,Canasta 4
154101,10000,142,0.8724236488,Canasta 4
154102,7000,142,0.8718774319,Canasta 4
154104,0,0,0.5725662708,Canasta 2
154107,10000,142,0.9657300115,Canasta 5
154110,10000,147,0.7595095038,Canasta 3
154113,0,0,0.0764469653,Canasta 1
154135,10000,142,0.8539197445,Canasta 4
154197,0,0,0.8373545408,Canasta 3
154217,0,0,0.1415974051,Canasta 1
154231,10000,142,0.8417317867,Canasta 4
154262,0,0,0.6852455139,Canasta 2
154265,10000,147,0.7851341367,Canasta 3
154274,10000,142,0.8967490196,Canasta 4
154278,0,0,0.7341828346,Canasta 2
154279,0,0,0.5215229988,Canasta 2
154281,0,0,0.3332738578,Canasta 1
154290,0,0,0.8325383663,Canasta 3
154301,10000,142,0.9183220863,Canasta 4
154320,0,0,0.5959432125,Canasta 2
154328,0,0,0.270642966,Canasta 1
154329,0,0,0.5284885168,Canasta 2
154332,0,0,0.2069391161,Canasta 1
154333,0,0,0.6685230732,Canasta 2
154335,0,0,0.7476073503,Canasta 2
154338,0,0,0.9147346616,Canasta 4
154351,0,0,0.4876082838,Canasta 1
154353,0,0,0.6516206264,Canasta 2
154358,10000,147,0.7707310915,Canasta 3
154360,10000,147,0.7604364157,Canasta 3
154362,7000,142,0.9390308857,Canasta 5
154363,0,0,0.2756167054,Canasta 1
154366,0,0,0.9335778952,Canasta 4
154374,0,0,0.5724147558,Canasta 2
154377,0,0,0.648229599,Canasta 2
154383,10000,127,0.98584795,Canasta 6
154409,0,0,0.166662693,Canasta 1
154435,10000,142,0.9319835901,Canasta 4
154436,0,0,0.6442143917,Canasta 2
154437,0,0,0.5999308825,Canasta 2
154438,0,0,0.5124861002,Canasta 2
154439,0,0,0.5905387402,Canasta 2
154441,7000,127,0.9744104743,Canasta 6
154443,0,0,0.5865215063,Canasta 2
154449,0,0,0.4757682085,Canasta 1
154458,0,0,0.519231081,Canasta 2
154459,10000,142,0.8915753961,Canasta 4
154464,7000,142,0.8785340786,Canasta 4
154465,0,0,0.4633139074,Canasta 1
154475,0,0,0.6486532092,Canasta 2
154477,0,0,0.6775491238,Canasta 2
154485,0,0,0.5401737094,Canasta 2
154488,7000,142,0.8514815569,Canasta 4
154494,0,0,0.7517018914,Canasta 2
154559,0,0,0.7255907655,Canasta 2
154567,0,0,0.7366958261,Canasta 2
154608,0,0,0.2992750108,Canasta 1
154610,0,0,0.5470895171,Canasta 2
154666,0,0,0.4142433405,Canasta 1
154669,0,0,0.3203769028,Canasta 1
154707,0,0,0.645427227,Canasta 2
154715,0,0,0.7209627628,Canasta 2
154716,7000,142,0.896838069,Canasta 4
154767,0,0,0.371632576,Canasta 1
154772,0,0,0.7379710674,Canasta 2
154785,0,0,0.3988184333,Canasta 1
154792,10000,147,0.8391850591,Canasta 3
154794,0,0,0.2520675063,Canasta 1
154795,0,0,0.1428964138,Canasta 1
154806,6000,142,0.9595171809,Canasta 5
154810,8000,142,0.9614311457,Canasta 5
154811,0,0,0.5644629598,Canasta 2
154812,10000,142,0.9392294884,Canasta 5
154821,10000,127,0.9923655391,Canasta 6
154822,10000,127,0.9872976542,Canasta 6
154824,10000,142,0.965575397,Canasta 5
154827,10000,142,0.9455866218,Canasta 5
154835,0,0,0.7154506445,Canasta 2
154837,10000,142,0.9274129868,Canasta 4
154840,0,0,0.6572140455,Canasta 2
154844,0,0,0.1858703792,Canasta 1
154845,10000,142,0.9335207343,Canasta 4
154859,10000,147,0.7553259134,Canasta 3
154876,10000,142,0.8876119852,Canasta 4
154878,0,0,0.7567273378,Canasta 3
154879,0,0,0.6697342992,Canasta 2
154880,0,0,0.2743813992,Canasta 1
154888,0,0,0.1833606362,Canasta 1
154897,10000,142,0.8651345968,Canasta 4
154899,10000,142,0.8794966936,Canasta 4
154900,0,0,0.7201250196,Canasta 2
154902,10000,127,0.9817597866,Canasta 6
154905,10000,142,0.9669418335,Canasta 5
154906,10000,142,0.8898194432,Canasta 4
154924,0,0,0.2997622192,Canasta 1
154926,0,0,0.0649242923,Canasta 1
154927,0,0,0.5152699947,Canasta 2
154932,10000,142,0.9634908438,Canasta 5
154946,10000,142,0.8523418903,Canasta 4
154960,0,0,0.3391174376,Canasta 1
154975,0,0,0.3448016942,Canasta 1
154976,0,0,0.205164969,Canasta 1
155005,0,0,0.7121295333,Canasta 2
155041,0,0,0.5097578764,Canasta 2
155044,0,0,0.7280662656,Canasta 2
155073,10000,142,0.9099878073,Canasta 4
155114,0,0,0.1313503832,Canasta 1
155116,0,0,0.103370145,Canasta 1
155146,0,0,0.2184614092,Canasta 1
155199,0,0,0.7907760143,Canasta 3
155261,0,0,0.4434153438,Canasta 1
155265,0,0,0.1499212682,Canasta 1
155267,8000,142,0.9423610568,Canasta 5
155280,9000,127,0.981730938,Canasta 6
155282,0,0,0.476323843,Canasta 1
155287,0,0,0.5689552426,Canasta 2
155337,0,0,0.2606032789,Canasta 1
155387,8000,142,0.8448694944,Canasta 4
155388,0,0,0.3208802938,Canasta 1
155389,10000,147,0.7595783472,Canasta 3
155390,9000,147,0.8202115893,Canasta 3
155394,10000,142,0.9381725788,Canasta 5
155395,0,0,0.6192603111,Canasta 2
155398,0,0,0.0499671809,Canasta 1
155399,10000,147,0.8088710308,Canasta 3
155403,0,0,0.8234059811,Canasta 3
155404,10000,142,0.9170734882,Canasta 4
155407,10000,147,0.7957441807,Canasta 3
155408,10000,142,0.9369733334,Canasta 5
155409,10000,142,0.8731154799,Canasta 4
155410,10000,142,0.9668385983,Canasta 5
155415,10000,127,0.976139605,Canasta 6
155433,0,0,0.5663636923,Canasta 2
155452,0,0,0.7174534798,Canasta 2
155487,0,0,0.2767924368,Canasta 1
155488,9000,142,0.861218214,Canasta 4
155495,0,0,0.5639070272,Canasta 2
155504,0,0,0.6616234779,Canasta 2
155513,0,0,0.5808622241,Canasta 2
155519,0,0,0.3296195567,Canasta 1
155539,0,0,0.683835566,Canasta 2
155555,10000,147,0.784445107,Canasta 3
155558,10000,142,0.9202337861,Canasta 4
155569,10000,142,0.9229663014,Canasta 4
155590,0,0,0.4815626144,Canasta 1
155603,0,0,0.5879737139,Canasta 2
155607,0,0,0.6687534451,Canasta 2
155615,0,0,0.5908452272,Canasta 2
155619,10000,147,0.7703770399,Canasta 3
155621,10000,147,0.7577906251,Canasta 3
155641,0,0,0.3225222528,Canasta 1
155646,0,0,0.7123655081,Canasta 2
155668,0,0,0.63518852,Canasta 2
155755,0,0,0.2404584289,Canasta 1
155762,7000,142,0.9287512898,Canasta 4
155763,7000,142,0.9157547951,Canasta 4
155767,0,0,0.5452859998,Canasta 2
155779,0,0,0.4157595038,Canasta 1
155780,0,0,0.6274126172,Canasta 2
155781,0,0,0.660063982,Canasta 2
155783,0,0,0.2790132761,Canasta 1
155805,0,0,0.2121244818,Canasta 1
155867,0,0,0.7329941392,Canasta 2
155889,10000,127,0.9927373528,Canasta 6
155925,10000,142,0.944054842,Canasta 5
155959,0,0,0.6976456046,Canasta 2
155966,0,0,0.1807744056,Canasta 1
155968,10000,142,0.9184007049,Canasta 4
155983,10000,142,0.8794804215,Canasta 4
155985,0,0,0.3462602198,Canasta 1
156030,0,0,0.2983445227,Canasta 1
156038,0,0,0.7479936481,Canasta 2
156047,10000,142,0.938012898,Canasta 5
156048,0,0,0.5675991774,Canasta 2
156049,10000,142,0.8775525093,Canasta 4
156050,10000,147,0.7838110924,Canasta 3
156053,0,0,0.3772916496,Canasta 1
156067,0,0,0.189906314,Canasta 1
156072,10000,147,0.7595992684,Canasta 3
156076,0,0,0.797278285,Canasta 3
156091,0,0,0.608289659,Canasta 2
156092,0,0,0.4917131066,Canasta 1
156108,0,0,0.8048252463,Canasta 3
156111,0,0,0.5371186137,Canasta 2
156114,0,0,0.7193968892,Canasta 2
156117,9000,142,0.9324118495,Canasta 4
156128,0,0,0.6683471203,Canasta 2
156129,0,0,0.6022083163,Canasta 2
156130,7000,127,0.9866424799,Canasta 6
156138,10000,127,0.9735963941,Canasta 6
156140,8000,142,0.926649034,Canasta 4
156147,10000,142,0.893881917,Canasta 4
156149,10000,147,0.7559005022,Canasta 3
156151,0,0,0.3391729891,Canasta 1
156152,10000,147,0.7713826299,Canasta 3
156156,0,0,0.6853666306,Canasta 2
156159,0,0,0.2245840579,Canasta 1
156160,10000,147,0.8098911643,Canasta 3
156161,0,0,0.2511988282,Canasta 1
156202,0,0,0.6409603357,Canasta 2
156205,0,0,0.5794101357,Canasta 2
156207,0,0,0.4514912367,Canasta 1
156210,10000,142,0.9314976931,Canasta 4
156213,0,0,0.7097743154,Canasta 2
156216,0,0,0.7325327992,Canasta 2
156219,10000,147,0.8066626191,Canasta 3
156222,0,0,0.6267849803,Canasta 2
156247,0,0,0.4956662357,Canasta 1
156260,9000,142,0.8482095003,Canasta 4
156284,0,0,0.464020133,Canasta 1
156285,0,0,0.5751382113,Canasta 2
156313,0,0,0.601095438,Canasta 2
156332,0,0,0.6743932962,Canasta 2
156357,0,0,0.7221041918,Canasta 2
156364,0,0,0.5536608696,Canasta 2
156365,0,0,0.2687576413,Canasta 1
156366,0,0,0.6640121341,Canasta 2
156387,0,0,0.6672317982,Canasta 2
156403,10000,142,0.8448240757,Canasta 4
156404,10000,147,0.7745447755,Canasta 3
156405,10000,142,0.8867871165,Canasta 4
156406,0,0,0.6585350633,Canasta 2
156407,10000,142,0.9092777371,Canasta 4
156418,10000,142,0.8506827354,Canasta 4
156419,10000,142,0.8877670169,Canasta 4
156422,10000,127,0.9950861335,Canasta 6
156442,0,0,0.3754588962,Canasta 1
156456,0,0,0.6113939285,Canasta 2
156458,0,0,0.625752449,Canasta 2
156460,10000,147,0.7716005445,Canasta 3
156462,0,0,0.7466299534,Canasta 2
156603,9000,142,0.8724198341,Canasta 4
156616,0,0,0.7262928486,Canasta 2
156621,0,0,0.5479779243,Canasta 2
156623,0,0,0.751763761,Canasta 2
156718,0,0,0.1719374061,Canasta 1
156721,10000,127,0.9891508818,Canasta 6
156731,10000,127,0.986135602,Canasta 6
156737,0,0,0.8396524787,Canasta 3
156738,10000,142,0.9440504909,Canasta 5
156745,0,0,0.6323366761,Canasta 2
156763,10000,142,0.8662212491,Canasta 4
156764,0,0,0.7251091599,Canasta 2
156802,10000,142,0.9672589898,Canasta 5
156833,10000,142,0.854524374,Canasta 4
156837,0,0,0.6002788544,Canasta 2
156848,10000,147,0.7771767974,Canasta 3
156849,10000,142,0.9274991155,Canasta 4
156850,0,0,0.4397348166,Canasta 1
156851,10000,142,0.8558652401,Canasta 4
156863,0,0,0.6514520049,Canasta 2
156871,0,0,0.1599411964,Canasta 1
156872,10000,127,0.9718202949,Canasta 6
156876,10000,142,0.9094651341,Canasta 4
156878,10000,142,0.932464242,Canasta 4
156881,0,0,0.165665701,Canasta 1
156882,0,0,0.4060025215,Canasta 1
156884,8000,142,0.8433912396,Canasta 4
157011,10000,147,0.7954319715,Canasta 3
157110,0,0,0.745069623,Canasta 2
157115,0,0,0.6715219021,Canasta 2
157132,10000,147,0.8103696108,Canasta 3
157169,10000,127,0.9896001816,Canasta 6
157171,0,0,0.364700973,Canasta 1
157176,0,0,0.4082371891,Canasta 1
157177,0,0,0.4495217502,Canasta 1
157178,10000,142,0.9442193508,Canasta 5
157185,0,0,0.6734732985,Canasta 2
157188,10000,147,0.8126282692,Canasta 3
157189,10000,142,0.8846513033,Canasta 4
157194,10000,127,0.97967875,Canasta 6
157198,10000,142,0.858674705,Canasta 4
157201,10000,147,0.8140254021,Canasta 3
157204,10000,127,0.9763430953,Canasta 6
157205,0,0,0.6020590663,Canasta 2
157243,0,0,0.2593972981,Canasta 1
157261,0,0,0.1848544478,Canasta 1
157270,0,0,0.4352944791,Canasta 1
157285,0,0,0.7519883513,Canasta 2
157287,10000,142,0.9633343816,Canasta 5
157291,10000,147,0.837421298,Canasta 3
157308,0,0,0.1432661265,Canasta 1
157310,10000,147,0.7643305063,Canasta 3
157311,0,0,0.6489272118,Canasta 2
157312,10000,142,0.9132601023,Canasta 4
157313,10000,147,0.7841647863,Canasta 3
157320,10000,147,0.8099228144,Canasta 3
157345,0,0,0.6919346452,Canasta 2
157346,10000,142,0.9022157192,Canasta 4
157348,10000,127,0.9713969231,Canasta 6
157362,0,0,0.8386935592,Canasta 3
157363,0,0,0.458620131,Canasta 1
157371,0,0,0.7258589864,Canasta 2
157375,0,0,0.6530001163,Canasta 2
157382,0,0,0.5160186887,Canasta 2
157383,0,0,0.7498471141,Canasta 2
157386,10000,127,0.9709960818,Canasta 6
157398,10000,142,0.9293512702,Canasta 4
157404,10000,127,0.9698954225,Canasta 6
157406,0,0,0.7525256276,Canasta 2
157407,10000,127,0.9701152444,Canasta 6
157409,10000,142,0.9544881582,Canasta 5
157412,0,0,0.5392612815,Canasta 2
157414,10000,147,0.7731525898,Canasta 3
157415,10000,142,0.9297291636,Canasta 4
157421,10000,142,0.8662916422,Canasta 4
157439,0,0,0.7192563415,Canasta 2
157440,0,0,0.7672528625,Canasta 3
157483,0,0,0.096578531,Canasta 1
157487,0,0,0.2671209574,Canasta 1
157491,9000,142,0.9011172652,Canasta 4
157509,0,0,0.447820127,Canasta 1
157510,0,0,0.6477354169,Canasta 2
157520,10000,147,0.8133989573,Canasta 3
157522,0,0,0.6093473434,Canasta 2
157523,0,0,0.1020699739,Canasta 1
157524,0,0,0.1265780181,Canasta 1
157527,0,0,0.6466423273,Canasta 2
157530,10000,142,0.8918529153,Canasta 4
157534,10000,147,0.7596260905,Canasta 3
157537,0,0,0.1721367985,Canasta 1
157538,0,0,0.2170623988,Canasta 1
157541,0,0,0.5858539343,Canasta 2
157557,0,0,0.2778776884,Canasta 1
157558,0,0,0.3154378533,Canasta 1
157586,0,0,0.2437878102,Canasta 1
157587,0,0,0.5163417459,Canasta 2
157591,9000,142,0.8876652718,Canasta 4
157598,10000,127,0.9851921797,Canasta 6
157602,10000,142,0.8577898145,Canasta 4
157608,10000,142,0.9449500442,Canasta 5
157609,9000,142,0.8435639143,Canasta 4
157611,10000,147,0.8058055043,Canasta 3
157612,0,0,0.4155594707,Canasta 1
157613,0,0,0.3948555887,Canasta 1
157654,0,0,0.3441471159,Canasta 1
157656,0,0,0.5105773807,Canasta 2
157658,10000,147,0.8076583147,Canasta 3
157659,10000,127,0.9946044087,Canasta 6
157661,10000,142,0.9181953669,Canasta 4
157662,10000,147,0.7793108225,Canasta 3
157673,0,0,0.5647150278,Canasta 2
157675,10000,127,0.975823164,Canasta 6
157676,10000,127,0.9913789034,Canasta 6
157680,10000,142,0.8417035937,Canasta 4
157681,10000,127,0.9914668798,Canasta 6
157706,0,0,0.3092285395,Canasta 1
157707,10000,147,0.8263360858,Canasta 3
157711,0,0,0.4793227315,Canasta 1
157714,10000,142,0.8617058992,Canasta 4
157717,0,0,0.4713633358,Canasta 1
157718,0,0,0.3812407851,Canasta 1
157719,10000,127,0.9900792837,Canasta 6
157728,10000,142,0.9244481325,Canasta 4
157745,10000,142,0.8535505533,Canasta 4
157764,0,0,0.6226082444,Canasta 2
157766,10000,147,0.8235061765,Canasta 3
157785,0,0,0.7170380354,Canasta 2
157786,10000,142,0.9504908919,Canasta 5
157787,10000,147,0.8108096123,Canasta 3
157789,10000,142,0.9244270921,Canasta 4
157790,0,0,0.678943336,Canasta 2
157791,10000,142,0.9164810777,Canasta 4
157794,0,0,0.2124259621,Canasta 1
157795,0,0,0.7007248998,Canasta 2
157803,10000,127,0.9818544388,Canasta 6
157818,0,0,0.1331163943,Canasta 1
157912,10000,142,0.9294523597,Canasta 4
157915,10000,147,0.7931950688,Canasta 3
157926,0,0,0.1765107363,Canasta 1
157928,7000,142,0.9011611342,Canasta 4
157929,0,0,0.4821268618,Canasta 1
157931,0,0,0.7129855752,Canasta 2
157937,0,0,0.5861772299,Canasta 2
157945,0,0,0.5992151499,Canasta 2
157948,10000,147,0.7811077237,Canasta 3
157952,0,0,0.6560429931,Canasta 2
157979,0,0,0.8977398872,Canasta 4
157982,10000,142,0.9375444651,Canasta 5
157993,10000,147,0.7603391409,Canasta 3
157995,0,0,0.4909330308,Canasta 1
157996,0,0,0.2897751033,Canasta 1
157997,0,0,0.4204054177,Canasta 1
157998,0,0,0.3886976242,Canasta 1
158022,10000,142,0.9394216537,Canasta 5
158050,8000,142,0.8612416387,Canasta 4
158053,0,0,0.7184785604,Canasta 2
158056,10000,147,0.7950380445,Canasta 3
158079,0,0,0.4665706456,Canasta 1
158090,0,0,0.2710708082,Canasta 1
158125,0,0,0.4415634274,Canasta 1
158128,0,0,0.565162003,Canasta 2
158134,0,0,0.6734956503,Canasta 2
158143,0,0,0.3523313701,Canasta 1
158164,10000,142,0.9085484743,Canasta 4
158165,10000,147,0.8259298801,Canasta 3
158166,0,0,0.3715107739,Canasta 1
158169,0,0,0.5166788697,Canasta 2
158209,10000,147,0.8070936799,Canasta 3
158216,0,0,0.3762271702,Canasta 1
158221,10000,142,0.8637261987,Canasta 4
158226,0,0,0.3344428837,Canasta 1
158227,0,0,0.5159358978,Canasta 2
158228,0,0,0.3090792596,Canasta 1
158232,0,0,0.4412701726,Canasta 1
158238,0,0,0.4536044002,Canasta 1
158240,0,0,0.7053701878,Canasta 2
158245,10000,142,0.8828769922,Canasta 4
158246,0,0,0.358304143,Canasta 1
158247,0,0,0.7287272215,Canasta 2
158265,0,0,0.8364597559,Canasta 3
158268,10000,127,0.9708196521,Canasta 6
158292,0,0,0.5963981152,Canasta 2
158322,0,0,0.1728130281,Canasta 1
158354,10000,142,0.9092857242,Canasta 4
158356,0,0,0.5351361632,Canasta 2
158360,0,0,0.7486521602,Canasta 2
158367,0,0,0.394921571,Canasta 1
158377,0,0,0.0408236198,Canasta 1
158379,10000,147,0.8091734648,Canasta 3
158380,10000,147,0.7657635808,Canasta 3
158381,10000,147,0.8232385516,Canasta 3
158382,10000,147,0.8189288974,Canasta 3
158385,0,0,0.5312433839,Canasta 2
158386,0,0,0.7480731606,Canasta 2
158405,0,0,0.4394379258,Canasta 1
158406,10000,142,0.8873394132,Canasta 4
158415,10000,127,0.984228611,Canasta 6
158416,10000,127,0.9792581201,Canasta 6
158417,10000,147,0.7726267576,Canasta 3
158527,0,0,0.3522521257,Canasta 1
158541,10000,142,0.866341114,Canasta 4
158542,10000,147,0.7827210426,Canasta 3
158543,10000,142,0.8713760376,Canasta 4
158578,0,0,0.1030794382,Canasta 1
158579,0,0,0.5886150599,Canasta 2
158582,0,0,0.1332181245,Canasta 1
158584,0,0,0.5664979815,Canasta 2
158599,0,0,0.7182438374,Canasta 2
158607,10000,142,0.9134079218,Canasta 4
158608,10000,147,0.7979021668,Canasta 3
158609,10000,147,0.815300405,Canasta 3
158611,10000,147,0.8174897432,Canasta 3
158612,0,0,0.5412654877,Canasta 2
158625,0,0,0.3044656515,Canasta 1
158626,0,0,0.3755750358,Canasta 1
158627,0,0,0.7031605244,Canasta 2
158666,0,0,0.727966547,Canasta 2
158669,8000,142,0.8530187607,Canasta 4
158673,0,0,0.7343417406,Canasta 2
158674,0,0,0.5778305531,Canasta 2
158675,0,0,0.3910674453,Canasta 1
158677,0,0,0.681945622,Canasta 2
158678,0,0,0.6078418493,Canasta 2
158694,0,0,0.6511902213,Canasta 2
158696,9000,147,0.7853460908,Canasta 3
158697,10000,142,0.9446311593,Canasta 5
158703,0,0,0.6583679914,Canasta 2
158705,10000,142,0.9606537223,Canasta 5
158706,7000,142,0.9091255665,Canasta 4
158717,0,0,0.4285312593,Canasta 1
158739,10000,147,0.771713376,Canasta 3
158742,10000,142,0.8661066294,Canasta 4
158746,10000,142,0.9604917169,Canasta 5
158755,0,0,0.3642256558,Canasta 1
158769,0,0,0.4681926668,Canasta 1
158782,0,0,0.7281296253,Canasta 2
158784,0,0,0.4797292054,Canasta 1
158785,0,0,0.672237277,Canasta 2
158787,0,0,0.7868392467,Canasta 3
158789,0,0,0.5317329168,Canasta 2
158796,10000,127,0.9683228731,Canasta 6
158798,10000,142,0.9497807622,Canasta 5
158800,10000,142,0.9568320513,Canasta 5
158808,10000,147,0.8063871264,Canasta 3
158809,10000,147,0.8103349805,Canasta 3
158813,0,0,0.543761611,Canasta 2
158818,0,0,0.5985722542,Canasta 2
158819,10000,142,0.8467053771,Canasta 4
158823,0,0,0.4187512696,Canasta 1
158833,0,0,0.4029488266,Canasta 1
158844,0,0,0.7975446582,Canasta 3
158847,0,0,0.55915308,Canasta 2
158860,0,0,0.265263021,Canasta 1
158862,0,0,0.5592539907,Canasta 2
158865,0,0,0.5325133801,Canasta 2
158867,0,0,0.6308184266,Canasta 2
158881,10000,147,0.8327880502,Canasta 3
158882,0,0,0.5170645714,Canasta 2
158884,0,0,0.6010104418,Canasta 2
158887,0,0,0.8191129565,Canasta 3
158889,0,0,0.4267620742,Canasta 1
158890,0,0,0.610558629,Canasta 2
158900,10000,147,0.8053951859,Canasta 3
158901,0,0,0.3903892636,Canasta 1
158902,10000,127,0.9850808978,Canasta 6
158903,0,0,0.4007108808,Canasta 1
158904,0,0,0.2443606257,Canasta 1
158907,0,0,0.2798156142,Canasta 1
158920,0,0,0.389485389,Canasta 1
158945,10000,142,0.9261429906,Canasta 4
159000,0,0,0.5097373128,Canasta 2
159006,10000,142,0.8462162614,Canasta 4
159015,10000,142,0.91766572,Canasta 4
159018,6000,142,0.9486272335,Canasta 5
159022,0,0,0.1144344732,Canasta 1
159024,10000,142,0.8807166815,Canasta 4
159025,10000,142,0.8621815443,Canasta 4
159026,10000,142,0.936252892,Canasta 5
159027,10000,127,0.9686154723,Canasta 6
159058,0,0,0.3247725964,Canasta 1
159061,0,0,0.1721555442,Canasta 1
159062,0,0,0.6659421325,Canasta 2
159063,0,0,0.0503730737,Canasta 1
159065,0,0,0.5302886963,Canasta 2
159066,0,0,0.4283860326,Canasta 1
159068,10000,127,0.9779071808,Canasta 6
159069,10000,147,0.8376294971,Canasta 3
159070,10000,127,0.9943205118,Canasta 6
159071,10000,142,0.9404430389,Canasta 5
159075,0,0,0.3947088122,Canasta 1
159076,0,0,0.69250983,Canasta 2
159077,10000,142,0.8671740294,Canasta 4
159079,0,0,0.4130286276,Canasta 1
159080,10000,147,0.8289033771,Canasta 3
159082,10000,142,0.8935217261,Canasta 4
159083,10000,127,0.9849780798,Canasta 6
159109,10000,142,0.9678679109,Canasta 5
159110,10000,147,0.7679111362,Canasta 3
159115,10000,142,0.8471952677,Canasta 4
159116,10000,127,0.9887670875,Canasta 6
159124,10000,147,0.8320089579,Canasta 3
159125,0,0,0.3934088051,Canasta 1
159126,10000,147,0.7799554467,Canasta 3
159129,0,0,0.7388961315,Canasta 2
159142,0,0,0.6193583608,Canasta 2
159147,10000,127,0.9710345268,Canasta 6
159150,0,0,0.7639366388,Canasta 3
159152,0,0,0.6823325157,Canasta 2
159153,0,0,0.4178407788,Canasta 1
159173,0,0,0.2346788347,Canasta 1
159177,10000,142,0.9175151587,Canasta 4
159181,0,0,0.2724480033,Canasta 1
159192,10000,127,0.9972106814,Canasta 6
159207,0,0,0.2425316721,Canasta 1
159215,10000,127,0.9893633723,Canasta 6
159220,10000,127,0.9925406575,Canasta 6
159238,10000,127,0.9921706319,Canasta 6
159267,0,0,0.6955729127,Canasta 2
159297,0,0,0.6344180703,Canasta 2
159298,10000,142,0.9642020464,Canasta 5
159299,10000,142,0.9362571239,Canasta 5
159300,10000,142,0.9315193892,Canasta 4
159302,0,0,0.6743513942,Canasta 2
159307,10000,127,0.9751443267,Canasta 6
159308,10000,142,0.9439893961,Canasta 5
159312,10000,142,0.9500293136,Canasta 5
159328,10000,142,0.8436127901,Canasta 4
159332,0,0,0.4926877618,Canasta 1
159373,0,0,0.5335503817,Canasta 2
159387,0,0,0.6557645202,Canasta 2
159396,0,0,0.3201271296,Canasta 1
159404,7000,142,0.8650979996,Canasta 4
159405,0,0,0.6387935877,Canasta 2
159406,0,0,0.5831664205,Canasta 2
159408,0,0,0.3140461147,Canasta 1
159452,0,0,0.4556438923,Canasta 1
159497,0,0,0.4200194478,Canasta 1
159498,0,0,0.2573242188,Canasta 1
159499,0,0,0.5134368539,Canasta 2
159500,0,0,0.0432614796,Canasta 1
159501,0,0,0.2016830891,Canasta 1
159502,0,0,0.0674910471,Canasta 1
159505,10000,147,0.8065704107,Canasta 3
159507,0,0,0.4840632379,Canasta 1
159509,0,0,0.1083842516,Canasta 1
159510,0,0,0.0961229876,Canasta 1
159513,10000,142,0.8910767436,Canasta 4
159515,0,0,0.7079902291,Canasta 2
159517,0,0,0.569119513,Canasta 2
159518,0,0,0.5495673418,Canasta 2
159525,0,0,0.6247979403,Canasta 2
159527,0,0,0.1814182103,Canasta 1
159529,0,0,0.3464102149,Canasta 1
159547,0,0,0.5996086597,Canasta 2
159549,0,0,0.482724458,Canasta 1
159557,0,0,0.5223798156,Canasta 2
159558,9000,147,0.8382184505,Canasta 3
159561,0,0,0.8231877685,Canasta 3
159563,0,0,0.5998519659,Canasta 2
159579,10000,142,0.9318470359,Canasta 4
159582,10000,142,0.9614002109,Canasta 5
159584,0,0,0.4510072172,Canasta 1
159585,10000,127,0.9684485197,Canasta 6
159598,10000,142,0.88390553,Canasta 4
159599,0,0,0.7211914659,Canasta 2
159606,0,0,0.111865364,Canasta 1
159607,10000,142,0.8713100553,Canasta 4
159668,0,0,0.4622695744,Canasta 1
159670,0,0,0.5874906182,Canasta 2
159673,10000,142,0.8892288804,Canasta 4
159674,0,0,0.4611733556,Canasta 1
159675,10000,147,0.8268027306,Canasta 3
159679,0,0,0.5721052885,Canasta 2
159680,0,0,0.1976451129,Canasta 1
159682,0,0,0.1469211876,Canasta 1
159717,0,0,0.2591750324,Canasta 1
159720,0,0,0.6050370932,Canasta 2
159744,0,0,0.314571768,Canasta 1
159745,0,0,0.4926708341,Canasta 1
159747,0,0,0.6736530662,Canasta 2
159748,0,0,0.5120144486,Canasta 2
159749,10000,142,0.8519048095,Canasta 4
159750,0,0,0.2311191708,Canasta 1
159769,0,0,0.5912418365,Canasta 2
159772,0,0,0.9342437387,Canasta 4
159791,0,0,0.2910130322,Canasta 1
159797,0,0,0.6854593158,Canasta 2
159820,0,0,0.1283406913,Canasta 1
159821,0,0,0.3751224279,Canasta 1
159822,0,0,0.5976356268,Canasta 2
159828,0,0,0.6852722168,Canasta 2
159832,0,0,0.4229229093,Canasta 1
159833,0,0,0.0360802524,Canasta 1
159834,0,0,0.2133432329,Canasta 1
159835,0,0,0.237117067,Canasta 1
159837,10000,142,0.8789728284,Canasta 4
159838,0,0,0.3047127724,Canasta 1
159870,0,0,0.6237676144,Canasta 2
159871,0,0,0.1670602709,Canasta 1
159876,0,0,0.3345274627,Canasta 1
159901,0,0,0.3373425901,Canasta 1
159902,0,0,0.2220956534,Canasta 1
159930,0,0,0.9312306643,Canasta 4
159941,6000,142,0.9536086321,Canasta 5
159943,0,0,0.3781605363,Canasta 1
159946,10000,142,0.9390966892,Canasta 5
159949,8000,142,0.9365510345,Canasta 5
159951,9000,147,0.8092570305,Canasta 3
159952,0,0,0.5331341028,Canasta 2
159964,0,0,0.467795074,Canasta 1
160010,0,0,0.6666178107,Canasta 2
160011,0,0,0.3641903102,Canasta 1
160012,10000,142,0.9246736765,Canasta 4
160015,0,0,0.3950220048,Canasta 1
160020,0,0,0.4656262398,Canasta 1
160115,10000,147,0.8384776711,Canasta 3
160121,10000,142,0.9584544301,Canasta 5
160133,10000,127,0.9713161588,Canasta 6
160142,10000,142,0.9561603665,Canasta 5
160143,10000,127,0.9957140684,Canasta 6
160172,0,0,0.7573193908,Canasta 3
160181,0,0,0.6829867959,Canasta 2
160227,0,0,0.7080460787,Canasta 2
160231,0,0,0.5701860785,Canasta 2
160237,0,0,0.2173154205,Canasta 1
160245,0,0,0.6982679963,Canasta 2
160325,0,0,0.4573926628,Canasta 1
160328,0,0,0.6504945159,Canasta 2
160330,0,0,0.8174012899,Canasta 3
160332,0,0,0.6704562902,Canasta 2
160336,0,0,0.6462135315,Canasta 2
160337,0,0,0.5750471354,Canasta 2
160338,10000,142,0.9318515658,Canasta 4
160377,0,0,0.4205895364,Canasta 1
160379,0,0,0.3514778018,Canasta 1
160382,0,0,0.3170498013,Canasta 1
160392,10000,142,0.862994194,Canasta 4
160406,0,0,0.3832758367,Canasta 1
160409,10000,142,0.9084541202,Canasta 4
160410,9000,147,0.8365134001,Canasta 3
160413,10000,142,0.885296762,Canasta 4
160417,0,0,0.6984561682,Canasta 2
160450,0,0,0.7269176841,Canasta 2
160452,10000,147,0.7886368036,Canasta 3
160453,0,0,0.1856768876,Canasta 1
160456,10000,142,0.8666923046,Canasta 4
160459,10000,142,0.9546172023,Canasta 5
160463,0,0,0.6783707738,Canasta 2
160465,10000,142,0.8989519477,Canasta 4
160469,10000,127,0.990571022,Canasta 6
160501,0,0,0.203754887,Canasta 1
160526,0,0,0.5435413122,Canasta 2
160527,0,0,0.6274428368,Canasta 2
160528,10000,147,0.759511888,Canasta 3
160544,0,0,0.1431643665,Canasta 1
160547,10000,142,0.9630182981,Canasta 5
160563,10000,147,0.7980215549,Canasta 3
160577,10000,142,0.9290258288,Canasta 4
160581,10000,142,0.9570227861,Canasta 5
160582,10000,142,0.8537817597,Canasta 4
160613,10000,147,0.7915885448,Canasta 3
160616,0,0,0.4147976637,Canasta 1
160653,10000,142,0.9433826208,Canasta 5
160668,10000,142,0.8520765901,Canasta 4
160671,10000,142,0.8481764793,Canasta 4
160674,0,0,0.6018205285,Canasta 2
160675,10000,142,0.9666347504,Canasta 5
160683,0,0,0.4045513272,Canasta 1
160687,6000,142,0.9535312057,Canasta 5
160689,0,0,0.6922044158,Canasta 2
160719,0,0,0.4087818861,Canasta 1
160728,10000,142,0.9496635795,Canasta 5
160747,0,0,0.1743859351,Canasta 1
160751,0,0,0.6711703539,Canasta 2
160752,0,0,0.7840812206,Canasta 3
160753,10000,142,0.9608002901,Canasta 5
160755,10000,142,0.8538449407,Canasta 4
160758,0,0,0.7267434597,Canasta 2
160761,0,0,0.667708993,Canasta 2
160774,0,0,0.7682588696,Canasta 3
160775,0,0,0.6716198325,Canasta 2
160793,0,0,0.7908522487,Canasta 3
160794,10000,142,0.8486276269,Canasta 4
160804,10000,142,0.9603210688,Canasta 5
160806,10000,142,0.9399471283,Canasta 5
160813,10000,142,0.9560480118,Canasta 5
160827,10000,142,0.9473709464,Canasta 5
160829,10000,142,0.9236670136,Canasta 4
160834,0,0,0.2434634119,Canasta 1
160868,0,0,0.7949675322,Canasta 3
160876,10000,142,0.9255771041,Canasta 4
160878,10000,142,0.9579054713,Canasta 5
160879,0,0,0.5145214796,Canasta 2
160881,9000,147,0.7833834887,Canasta 3
160882,9000,142,0.9131731987,Canasta 4
160883,10000,142,0.8697119355,Canasta 4
160899,10000,142,0.9487990737,Canasta 5
160909,10000,142,0.9145477414,Canasta 4
160917,0,0,0.6628869176,Canasta 2
160953,10000,142,0.9397782087,Canasta 5
160963,10000,142,0.9395250678,Canasta 5
160967,0,0,0.3557181358,Canasta 1
160969,0,0,0.5360286832,Canasta 2
160972,0,0,0.156019181,Canasta 1
160986,10000,147,0.8114695549,Canasta 3
160991,0,0,0.7526110411,Canasta 2
160997,0,0,0.4103021324,Canasta 1
161000,7000,142,0.9473209977,Canasta 5
161001,10000,127,0.9783015251,Canasta 6
161015,8000,142,0.9150454998,Canasta 4
161028,10000,127,0.96831882,Canasta 6
161044,0,0,0.2925666869,Canasta 1
161045,0,0,0.5160192847,Canasta 2
161046,0,0,0.250020802,Canasta 1
161047,0,0,0.1589761227,Canasta 1
161049,10000,142,0.8475784063,Canasta 4
161050,10000,142,0.8912230134,Canasta 4
161051,0,0,0.659830451,Canasta 2
161060,0,0,0.5155532956,Canasta 2
161078,0,0,0.7567425966,Canasta 3
161080,0,0,0.610530436,Canasta 2
161081,10000,127,0.9699813128,Canasta 6
161083,0,0,0.7925682664,Canasta 3
161087,10000,142,0.9593194723,Canasta 5
161089,0,0,0.2501305342,Canasta 1
161091,10000,142,0.9401273727,Canasta 5
161102,10000,147,0.8382811546,Canasta 3
161111,10000,127,0.9700573683,Canasta 6
161115,0,0,0.2800565958,Canasta 1
161144,0,0,0.4539462924,Canasta 1
161178,0,0,0.4124164283,Canasta 1
161202,10000,142,0.9555997252,Canasta 5
161213,0,0,0.4926774502,Canasta 1
161222,0,0,0.3565378189,Canasta 1
161225,0,0,0.6937779188,Canasta 2
161227,0,0,0.5656459332,Canasta 2
161239,9000,142,0.9238333106,Canasta 4
161249,0,0,0.5848639607,Canasta 2
161297,0,0,0.2517077625,Canasta 1
161301,10000,142,0.9340276718,Canasta 4
161371,0,0,0.3059271872,Canasta 1
161374,9000,147,0.8272752166,Canasta 3
161375,0,0,0.2946051061,Canasta 1
161385,0,0,0.6245698929,Canasta 2
161386,10000,142,0.8494483232,Canasta 4
161387,10000,127,0.9683158994,Canasta 6
161392,0,0,0.8368962407,Canasta 3
161394,9000,127,0.9848188162,Canasta 6
161440,10000,142,0.8713102341,Canasta 4
161443,0,0,0.6224113107,Canasta 2
161445,10000,142,0.8553632498,Canasta 4
161462,10000,142,0.9453699589,Canasta 5
161467,10000,142,0.8730482459,Canasta 4
161484,10000,142,0.8825566173,Canasta 4
161487,0,0,0.3523817658,Canasta 1
161506,10000,142,0.9643186331,Canasta 5
161519,0,0,0.6759597659,Canasta 2
161522,0,0,0.4998211265,Canasta 1
161523,10000,127,0.9718144536,Canasta 6
161524,0,0,0.6357729435,Canasta 2
161538,0,0,0.5874282122,Canasta 2
161540,0,0,0.6984368563,Canasta 2
161545,0,0,0.1058380008,Canasta 1
161567,0,0,0.5409570336,Canasta 2
161577,10000,142,0.8490619659,Canasta 4
161590,0,0,0.4718666375,Canasta 1
161591,0,0,0.9840549827,Canasta 6
161619,10000,147,0.8265124559,Canasta 3
161621,10000,147,0.819773674,Canasta 3
161627,10000,142,0.9083688259,Canasta 4
161635,0,0,0.6328891516,Canasta 2
161666,10000,147,0.7565541863,Canasta 3
161701,10000,142,0.9617576599,Canasta 5
161706,10000,142,0.9470418692,Canasta 5
161711,9000,142,0.9016155601,Canasta 4
161732,10000,142,0.9118161201,Canasta 4
161747,0,0,0.7155075073,Canasta 2
161787,0,0,0.6624053717,Canasta 2
161796,0,0,0.5234229565,Canasta 2
161797,0,0,0.47019279,Canasta 1
161799,0,0,0.4221298695,Canasta 1
161810,0,0,0.5262593031,Canasta 2
161829,0,0,0.1680940688,Canasta 1
161843,10000,142,0.8854276538,Canasta 4
161866,0,0,0.5827329755,Canasta 2
161871,8000,142,0.9341752529,Canasta 4
161899,0,0,0.0712633133,Canasta 1
161903,0,0,0.6102296114,Canasta 2
161911,0,0,0.4922012687,Canasta 1
161920,0,0,0.1590088457,Canasta 1
161987,0,0,0.6095457673,Canasta 2
161989,0,0,0.7315214872,Canasta 2
161991,10000,127,0.9796509147,Canasta 6
162001,0,0,0.568307519,Canasta 2
162010,10000,127,0.9736732841,Canasta 6
162013,10000,142,0.9027191401,Canasta 4
162017,0,0,0.3413480222,Canasta 1
162019,0,0,0.6445721984,Canasta 2
162021,0,0,0.1499349028,Canasta 1
162022,0,0,0.1965537667,Canasta 1
162053,0,0,0.1380197257,Canasta 1
162071,10000,142,0.8532142639,Canasta 4
162089,0,0,0.6781927347,Canasta 2
162096,10000,142,0.8630127311,Canasta 4
162099,0,0,0.0425007083,Canasta 1
162101,10000,142,0.9601639509,Canasta 5
162105,0,0,0.4902340174,Canasta 1
162112,0,0,0.6417014599,Canasta 2
162154,0,0,0.1734061092,Canasta 1
162157,0,0,0.1388525665,Canasta 1
162182,0,0,0.5410215855,Canasta 2
162184,0,0,0.2380515486,Canasta 1
162189,10000,142,0.9000530839,Canasta 4
162208,10000,127,0.9787690639,Canasta 6
162212,10000,142,0.9043921232,Canasta 4
162214,0,0,0.4785322845,Canasta 1
162215,0,0,0.6798117161,Canasta 2
162217,10000,127,0.9777731299,Canasta 6
162220,0,0,0.7164747119,Canasta 2
162222,9000,147,0.7545723319,Canasta 3
162260,10000,142,0.9173625112,Canasta 4
162264,0,0,0.441065073,Canasta 1
162267,0,0,0.460357666,Canasta 1
162269,0,0,0.6404553056,Canasta 2
162310,0,0,0.6493590474,Canasta 2
162311,0,0,0.0811211169,Canasta 1
162317,0,0,0.4264938235,Canasta 1
162353,0,0,0.4421542883,Canasta 1
162354,0,0,0.5046873689,Canasta 2
162372,0,0,0.3910961449,Canasta 1
162385,0,0,0.6491490602,Canasta 2
162399,10000,142,0.9202472568,Canasta 4
162405,0,0,0.4920033514,Canasta 1
162454,0,0,0.5464024544,Canasta 2
162455,10000,142,0.8721900582,Canasta 4
162480,0,0,0.5720525384,Canasta 2
162481,0,0,0.6179600954,Canasta 2
162487,0,0,0.4616726637,Canasta 1
162488,0,0,0.5082663894,Canasta 2
162489,0,0,0.0498272181,Canasta 1
162508,10000,127,0.9874738455,Canasta 6
162511,0,0,0.5670374036,Canasta 2
162513,10000,142,0.8580650687,Canasta 4
162519,10000,127,0.9737187028,Canasta 6
162526,0,0,0.3518767655,Canasta 1
162527,0,0,0.7433342934,Canasta 2
162534,0,0,0.5435281992,Canasta 2
162554,0,0,0.1614152044,Canasta 1
162573,0,0,0.3048795164,Canasta 1
162583,10000,142,0.9594986439,Canasta 5
162586,10000,127,0.9927076697,Canasta 6
162589,0,0,0.1113089696,Canasta 1
162590,9000,147,0.7880792618,Canasta 3
162591,0,0,0.3585873246,Canasta 1
162592,0,0,0.0517800115,Canasta 1
162594,9000,142,0.9590821266,Canasta 5
162597,8000,142,0.8856239319,Canasta 4
162600,0,0,0.081839174,Canasta 1
162601,0,0,0.2147567421,Canasta 1
162609,0,0,0.2947374582,Canasta 1
162614,0,0,0.2438843548,Canasta 1
162615,0,0,0.3446980715,Canasta 1
162618,0,0,0.5434370637,Canasta 2
162619,0,0,0.512565136,Canasta 2
162623,0,0,0.6426400542,Canasta 2
162624,0,0,0.6198228002,Canasta 2
162625,0,0,0.4644379616,Canasta 1
162626,0,0,0.4452920258,Canasta 1
162634,0,0,0.3623935878,Canasta 1
162638,0,0,0.1664987952,Canasta 1
162642,0,0,0.77631253,Canasta 3
162645,0,0,0.1992399395,Canasta 1
162646,0,0,0.5447559357,Canasta 2
162647,0,0,0.7012319565,Canasta 2
162648,0,0,0.7154848576,Canasta 2
162667,0,0,0.5593178868,Canasta 2
162672,10000,142,0.872096777,Canasta 4
162679,0,0,0.2729095519,Canasta 1
162699,0,0,0.4905188382,Canasta 1
162703,0,0,0.7446097136,Canasta 2
162708,0,0,0.6057654023,Canasta 2
162723,10000,127,0.9705541134,Canasta 6
162725,10000,142,0.9646772742,Canasta 5
162730,0,0,0.3340967596,Canasta 1
162731,0,0,0.4007635415,Canasta 1
162745,0,0,0.7320965528,Canasta 2
162772,0,0,0.3845676184,Canasta 1
162773,10000,147,0.7835866213,Canasta 3
162774,0,0,0.6094845533,Canasta 2
162797,0,0,0.3513997495,Canasta 1
162846,0,0,0.4814514518,Canasta 1
162847,0,0,0.4299079478,Canasta 1
162850,0,0,0.7122044563,Canasta 2
162851,10000,142,0.84812361,Canasta 4
162852,0,0,0.6849460602,Canasta 2
162855,0,0,0.4946156442,Canasta 1
162856,0,0,0.4756771922,Canasta 1
162859,0,0,0.5823639631,Canasta 2
162863,0,0,0.4129690826,Canasta 1
162886,0,0,0.6444806457,Canasta 2
162907,10000,142,0.8477039337,Canasta 4
162923,0,0,0.2846070528,Canasta 1
162939,0,0,0.5250242949,Canasta 2
162940,0,0,0.5048305392,Canasta 2
162963,0,0,0.4859809875,Canasta 1
162981,9000,142,0.8654748201,Canasta 4
163038,0,0,0.3163142502,Canasta 1
163049,0,0,0.5627526641,Canasta 2
163054,0,0,0.4599246383,Canasta 1
163071,0,0,0.6299985051,Canasta 2
163099,10000,142,0.864672482,Canasta 4
163109,10000,142,0.8678162098,Canasta 4
163132,0,0,0.4194532037,Canasta 1
163133,10000,147,0.7752334476,Canasta 3
163250,0,0,0.6695405245,Canasta 2
163252,0,0,0.3813490272,Canasta 1
163255,0,0,0.3112411797,Canasta 1
163256,10000,142,0.8798174262,Canasta 4
163259,10000,142,0.8998242617,Canasta 4
163261,0,0,0.5336533189,Canasta 2
163269,10000,147,0.7900877595,Canasta 3
163354,10000,142,0.8977633119,Canasta 4
163362,0,0,0.8166201711,Canasta 3
163381,10000,147,0.8285021782,Canasta 3
163422,10000,147,0.8136985302,Canasta 3
163438,9000,147,0.8181299567,Canasta 3
163450,0,0,0.6730595827,Canasta 2
163452,0,0,0.5866137147,Canasta 2
163454,0,0,0.6421564817,Canasta 2
163468,0,0,0.2251997739,Canasta 1
163486,10000,142,0.9462351203,Canasta 5
163488,10000,147,0.8038581014,Canasta 3
163489,10000,142,0.8754450083,Canasta 4
163491,0,0,0.579881072,Canasta 2
163540,0,0,0.0711037219,Canasta 1
163577,0,0,0.6701661944,Canasta 2
163579,0,0,0.2047550529,Canasta 1
163588,0,0,0.2046090513,Canasta 1
163592,0,0,0.6139144301,Canasta 2
163594,0,0,0.1499602646,Canasta 1
163596,0,0,0.4373930991,Canasta 1
163604,10000,142,0.9511018395,Canasta 5
163609,8000,142,0.875115633,Canasta 4
163611,10000,147,0.8281635642,Canasta 3
163615,10000,147,0.7758592963,Canasta 3
163617,10000,142,0.8814067245,Canasta 4
163619,0,0,0.6642029285,Canasta 2
163620,0,0,0.1588944346,Canasta 1
163632,8000,127,0.9753916264,Canasta 6
163645,0,0,0.2872318029,Canasta 1
163646,0,0,0.4764904082,Canasta 1
163666,0,0,0.640365243,Canasta 2
163689,10000,127,0.9748715758,Canasta 6
163692,0,0,0.7368535995,Canasta 2
163697,10000,147,0.7607150078,Canasta 3
163725,0,0,0.1893595308,Canasta 1
163754,0,0,0.1985369027,Canasta 1
163765,0,0,0.5921856165,Canasta 2
163778,0,0,0.6903805137,Canasta 2
163816,10000,147,0.7894752026,Canasta 3
163817,10000,147,0.7805788517,Canasta 3
163821,10000,147,0.8223907948,Canasta 3
163822,10000,127,0.9816117883,Canasta 6
163825,8000,142,0.9264261127,Canasta 4
163826,0,0,0.0728946328,Canasta 1
163827,10000,127,0.9745627046,Canasta 6
163850,0,0,0.5653429627,Canasta 2
163853,0,0,0.2251636833,Canasta 1
163866,10000,147,0.7975054979,Canasta 3
163868,9000,147,0.8084238768,Canasta 3
163870,5000,127,0.9816275239,Canasta 6
163871,9000,147,0.8381896615,Canasta 3
163874,10000,147,0.7707202435,Canasta 3
163880,10000,142,0.9619624615,Canasta 5
163883,0,0,0.574870348,Canasta 2
163884,10000,147,0.8118989468,Canasta 3
163891,0,0,0.7767124772,Canasta 3
163892,0,0,0.4602869451,Canasta 1
163899,0,0,0.2311252356,Canasta 1
163903,0,0,0.5890867114,Canasta 2
163906,0,0,0.8301121593,Canasta 3
163907,9000,147,0.8190966249,Canasta 3
163923,0,0,0.4225653708,Canasta 1
163925,0,0,0.8197710514,Canasta 3
163926,0,0,0.5934509039,Canasta 2
163967,10000,142,0.8869146109,Canasta 4
163970,0,0,0.3827653527,Canasta 1
163971,10000,142,0.8772136569,Canasta 4
163983,0,0,0.165147841,Canasta 1
164002,0,0,0.3730040193,Canasta 1
164003,10000,147,0.8372423053,Canasta 3
164040,10000,142,0.9678750634,Canasta 5
164071,9000,147,0.7658515573,Canasta 3
164072,0,0,0.7485846281,Canasta 2
164118,10000,142,0.8881775737,Canasta 4
164119,0,0,0.2837514877,Canasta 1
164159,0,0,0.5218972564,Canasta 2
164160,10000,142,0.9347371459,Canasta 4
164175,0,0,0.3300428391,Canasta 1
164197,0,0,0.6611139774,Canasta 2
164202,10000,147,0.7888827324,Canasta 3
164212,0,0,0.413433373,Canasta 1
164213,0,0,0.5549896359,Canasta 2
164227,5000,127,0.9721474648,Canasta 6
164231,0,0,0.9197899103,Canasta 4
164239,0,0,0.3729232848,Canasta 1
164242,0,0,0.3893803358,Canasta 1
164268,10000,147,0.8368298411,Canasta 3
164317,0,0,0.2923646271,Canasta 1
164346,9000,142,0.9678888917,Canasta 5
164373,0,0,0.336991936,Canasta 1
164375,0,0,0.3543530107,Canasta 1
164376,0,0,0.2347396761,Canasta 1
164406,9000,142,0.955928266,Canasta 5
164411,0,0,0.7206878066,Canasta 2
164414,10000,127,0.9757969379,Canasta 6
164453,0,0,0.775395453,Canasta 3
164485,10000,147,0.8199182153,Canasta 3
164507,0,0,0.6776303053,Canasta 2
164508,10000,142,0.9510946274,Canasta 5
164517,10000,142,0.9071238637,Canasta 4
164524,10000,147,0.8077711463,Canasta 3
164540,10000,147,0.8398683667,Canasta 3
164566,10000,142,0.9592886567,Canasta 5
164567,0,0,0.5945302844,Canasta 2
164571,0,0,0.6306578517,Canasta 2
164572,0,0,0.6281964779,Canasta 2
164614,0,0,0.2205366492,Canasta 1
164619,0,0,0.190866068,Canasta 1
164632,0,0,0.668797195,Canasta 2
164635,0,0,0.2687733173,Canasta 1
164648,0,0,0.7476786375,Canasta 2
164650,0,0,0.6975872517,Canasta 2
164666,0,0,0.7979984879,Canasta 3
164679,10000,147,0.8214216232,Canasta 3
164701,0,0,0.7493932247,Canasta 2
164759,0,0,0.585038662,Canasta 2
164765,10000,147,0.7819113135,Canasta 3
164784,10000,142,0.8804722428,Canasta 4
164795,10000,142,0.8786901832,Canasta 4
164800,0,0,0.2639704645,Canasta 1
164832,10000,142,0.9501394033,Canasta 5
164834,0,0,0.58734864,Canasta 2
164899,10000,147,0.7638967037,Canasta 3
164900,0,0,0.5423725247,Canasta 2
164902,10000,142,0.8629240394,Canasta 4
164911,10000,147,0.7727443576,Canasta 3
164914,10000,147,0.7837599516,Canasta 3
164919,10000,142,0.932122767,Canasta 4
164921,0,0,0.7367751598,Canasta 2
164927,0,0,0.4974559247,Canasta 1
164943,10000,142,0.8786323667,Canasta 4
164944,10000,142,0.9529224634,Canasta 5
164945,0,0,0.6958658695,Canasta 2
164971,10000,147,0.8255077004,Canasta 3
164980,0,0,0.1964132637,Canasta 1
165046,10000,142,0.8554178476,Canasta 4
165047,10000,142,0.8939027786,Canasta 4
165052,0,0,0.178612873,Canasta 1
165091,10000,142,0.9412423968,Canasta 5
165093,9000,142,0.8821546435,Canasta 4
165123,0,0,0.7320165038,Canasta 2
165141,10000,127,0.9971308112,Canasta 6
165149,0,0,0.4065307677,Canasta 1
165150,0,0,0.5667224526,Canasta 2
165152,10000,142,0.9651102424,Canasta 5
165157,10000,142,0.9210335016,Canasta 4
165164,0,0,0.2163877785,Canasta 1
165167,9000,142,0.9141072035,Canasta 4
165169,0,0,0.5331239104,Canasta 2
165171,0,0,0.6156767607,Canasta 2
165225,10000,147,0.8386420012,Canasta 3
165237,0,0,0.5921262503,Canasta 2
165240,0,0,0.2369906455,Canasta 1
165247,0,0,0.4662718773,Canasta 1
165249,0,0,0.1203476116,Canasta 1
165298,0,0,0.1440537125,Canasta 1
165332,10000,142,0.9182659388,Canasta 4
165333,0,0,0.7507232428,Canasta 2
165334,0,0,0.4042852223,Canasta 1
165336,0,0,0.2994859815,Canasta 1
165338,0,0,0.2828155458,Canasta 1
165339,0,0,0.5735062361,Canasta 2
165340,0,0,0.0908028781,Canasta 1
165366,10000,147,0.804604888,Canasta 3
165370,0,0,0.9301694036,Canasta 4
165372,10000,147,0.7687835693,Canasta 3
165373,10000,142,0.9102162719,Canasta 4
165422,10000,147,0.8379660249,Canasta 3
165427,10000,147,0.7542161942,Canasta 3
165428,0,0,0.7106131911,Canasta 2
165432,10000,142,0.9637272954,Canasta 5
165452,8000,142,0.9229825139,Canasta 4
165463,10000,142,0.8685855269,Canasta 4
165511,0,0,0.5517325401,Canasta 2
165554,10000,147,0.8042072058,Canasta 3
165555,0,0,0.66576159,Canasta 2
165665,0,0,0.532977879,Canasta 2
165669,0,0,0.3892105222,Canasta 1
165832,10000,142,0.8872669935,Canasta 4
165833,10000,142,0.9447401166,Canasta 5
165834,10000,147,0.7802594304,Canasta 3
165849,10000,142,0.8704553843,Canasta 4
165855,10000,142,0.915638864,Canasta 4
166031,0,0,0.7131773829,Canasta 2
166060,0,0,0.6914228797,Canasta 2
166103,0,0,0.6090564132,Canasta 2
166121,10000,147,0.7706618309,Canasta 3
166122,0,0,0.6233156323,Canasta 2
166130,10000,147,0.7752696276,Canasta 3
166132,10000,127,0.990203619,Canasta 6
166134,10000,142,0.9042030573,Canasta 4
166163,0,0,0.9314832091,Canasta 4
166165,9000,147,0.8052872419,Canasta 3
166175,10000,147,0.8407679796,Canasta 3
166176,10000,142,0.9467273951,Canasta 5
166200,0,0,0.7212736011,Canasta 2
166201,10000,142,0.884213686,Canasta 4
166202,0,0,0.3510470688,Canasta 1
166203,10000,142,0.9053223133,Canasta 4
166204,10000,142,0.9142121077,Canasta 4
166207,10000,142,0.88120085,Canasta 4
166209,0,0,0.6020010114,Canasta 2
166260,0,0,0.2759210169,Canasta 1
166261,10000,147,0.8160589933,Canasta 3
166262,10000,147,0.781146884,Canasta 3
166263,10000,142,0.9408911467,Canasta 5
166264,0,0,0.4939048886,Canasta 1
166293,0,0,0.6087373495,Canasta 2
166311,10000,142,0.8900920153,Canasta 4
166323,0,0,0.6121313572,Canasta 2
166326,0,0,0.5202342868,Canasta 2
166330,0,0,0.6042656302,Canasta 2
166384,0,0,0.1330421716,Canasta 1
166385,0,0,0.4924393594,Canasta 1
166390,0,0,0.6698367596,Canasta 2
166474,0,0,0.59493047,Canasta 2
166490,0,0,0.6804307103,Canasta 2
166532,0,0,0.6938693523,Canasta 2
166739,0,0,0.5542345047,Canasta 2
166741,0,0,0.606908083,Canasta 2
166784,10000,142,0.8841713071,Canasta 4
166882,0,0,0.2762903273,Canasta 1
166893,10000,142,0.9548502564,Canasta 5
167070,0,0,0.7184106112,Canasta 2
167202,0,0,0.5222830772,Canasta 2
