label,approval_score,applicant_id
RECHAZADO,0.9170734882,155404
RECHAZADO,0.8731154799,155409
RECHAZADO,0.683835566,155539
RECHAZADO,0.7123655081,155646
RECHAZADO,0.6683471203,156128
RECHAZADO,0.6022083163,156129
APROBADO,0.9866424799,156130
APROBADO,0.9735963941,156138
RECHAZADO,0.926649034,156140
RECHAZADO,0.601095438,156313
RECHAZADO,0.8448240757,156403
RECHAZADO,0.7745447755,156404
RECHAZADO,0.8867871165,156405
RECHAZADO,0.6585350633,156406
RECHAZADO,0.9092777371,156407
RECHAZADO,0.9312306643,159930
RECHAZADO,0.88390553,159598
RECHAZADO,0.7211914659,159599
RECHAZADO,0.7573193908,160172
RECHAZADO,0.8651345968,154897
RECHAZADO,0.5639070272,155495
RECHAZADO,0.6616234779,155504
RECHAZADO,0.5808622241,155513
RECHAZADO,0.3296195567,155519
RECHAZADO,0.3225222528,155641
RECHAZADO,0.2121244818,155805
RECHAZADO,0.1721367985,157537
RECHAZADO,0.2170623988,157538
RECHAZADO,0.5858539343,157541
RECHAZADO,0.6226082444,157764
RECHAZADO,0.8235061765,157766
RECHAZADO,0.6560429931,157952
RECHAZADO,0.7184785604,158053
RECHAZADO,0.543761611,158813
RECHAZADO,0.9261429906,158945
RECHAZADO,0.3947088122,159075
RECHAZADO,0.69250983,159076
APROBADO,0.9849780798,159083
APROBADO,0.9678679109,159109
RECHAZADO,0.8471952677,159115
RECHAZADO,0.3934088051,159125
RECHAZADO,0.7799554467,159126
RECHAZADO,0.7388961315,159129
APROBADO,0.9710345268,159147
RECHAZADO,0.6955729127,159267
RECHAZADO,0.5831664205,159406
RECHAZADO,0.9134079218,158607
RECHAZADO,0.7979021668,158608
RECHAZADO,0.815300405,158609
RECHAZADO,0.8174897432,158611
RECHAZADO,0.5995535254,145442
APROBADO,0.9532120228,145444
APROBADO,0.9896001816,157169
RECHAZADO,0.364700973,157171
APROBADO,0.9442193508,157178
RECHAZADO,0.6734732985,157185
RECHAZADO,0.8126282692,157188
RECHAZADO,0.8846513033,157189
APROBADO,0.97967875,157194
RECHAZADO,0.858674705,157198
RECHAZADO,0.8140254021,157201
APROBADO,0.9763430953,157204
RECHAZADO,0.7051388025,147364
RECHAZADO,0.6838712096,147481
RECHAZADO,0.2326734066,147486
RECHAZADO,0.447730124,147490
RECHAZADO,0.5703544617,153407
RECHAZADO,0.6471051574,153409
RECHAZADO,0.7513115406,153432
RECHAZADO,0.0333025753,153820
RECHAZADO,0.0338075906,153821
RECHAZADO,0.041927997,154057
RECHAZADO,0.091086559,154061
RECHAZADO,0.1415974051,154217
RECHAZADO,0.5284885168,154329
RECHAZADO,0.2069391161,154332
RECHAZADO,0.4876082838,154351
RECHAZADO,0.5724147558,154374
RECHAZADO,0.166662693,154409
RECHAZADO,0.6486532092,154475
RECHAZADO,0.6775491238,154477
RECHAZADO,0.7379710674,154772
RECHAZADO,0.1858703792,154844
RECHAZADO,0.7227618098,153341
RECHAZADO,0.9335207343,154845
RECHAZADO,0.7703770399,155619
RECHAZADO,0.7577906251,155621
RECHAZADO,0.63518852,155668
RECHAZADO,0.797278285,156076
APROBADO,0.9779071808,159068
RECHAZADO,0.8376294971,159069
RECHAZADO,0.6666178107,160010
RECHAZADO,0.3641903102,160011
RECHAZADO,0.9246736765,160012
RECHAZADO,0.3950220048,160015
RECHAZADO,0.4656262398,160020
RECHAZADO,0.6783707738,160463
RECHAZADO,0.6715219021,157115
RECHAZADO,0.8103696108,157132
RECHAZADO,0.6020590663,157205
RECHAZADO,0.1848544478,157261
RECHAZADO,0.6530001163,157375
RECHAZADO,0.5160186887,157382
RECHAZADO,0.7731525898,157414
RECHAZADO,0.447820127,157509
RECHAZADO,0.8133989573,157520
RECHAZADO,0.6093473434,157522
RECHAZADO,0.6466423273,157527
RECHAZADO,0.2437878102,157586
RECHAZADO,0.5163417459,157587
RECHAZADO,0.8876652718,157591
RECHAZADO,0.5647150278,157673
RECHAZADO,0.8535505533,157745
APROBADO,0.938012898,156047
RECHAZADO,0.8775525093,156049
RECHAZADO,0.7838110924,156050
RECHAZADO,0.9324118495,156117
RECHAZADO,0.7559005022,156149
RECHAZADO,0.7713826299,156152
RECHAZADO,0.8724198341,156603
RECHAZADO,0.7262928486,156616
APROBADO,0.9891508818,156721
APROBADO,0.986135602,156731
RECHAZADO,0.8462162614,159006
RECHAZADO,0.91766572,159015
RECHAZADO,0.4130286276,159079
RECHAZADO,0.7679111362,159110
APROBADO,0.9887670875,159116
RECHAZADO,0.8320089579,159124
RECHAZADO,0.7639366388,159150
RECHAZADO,0.4178407788,159153
APROBADO,0.9972106814,159192
RECHAZADO,0.2425316721,159207
APROBADO,0.9893633723,159215
APROBADO,0.9925406575,159220
APROBADO,0.9921706319,159238
APROBADO,0.9751443267,159307
APROBADO,0.9500293136,159312
RECHAZADO,0.5134368539,159499
RECHAZADO,0.0432614796,159500
RECHAZADO,0.2016830891,159501
RECHAZADO,0.0674910471,159502
RECHAZADO,0.8065704107,159505
RECHAZADO,0.4840632379,159507
RECHAZADO,0.1083842516,159509
RECHAZADO,0.0961229876,159510
RECHAZADO,0.482724458,159549
RECHAZADO,0.5223798156,159557
RECHAZADO,0.8382184505,159558
RECHAZADO,0.8231877685,159561
APROBADO,0.9614002109,159582
RECHAZADO,0.4622695744,159668
RECHAZADO,0.5874906182,159670
RECHAZADO,0.8892288804,159673
RECHAZADO,0.4611733556,159674
RECHAZADO,0.8268027306,159675
RECHAZADO,0.5721052885,159679
RECHAZADO,0.1469211876,159682
RECHAZADO,0.2591750324,159717
RECHAZADO,0.6050370932,159720
RECHAZADO,0.4229229093,159832
RECHAZADO,0.2133432329,159834
RECHAZADO,0.3373425901,159901
RECHAZADO,0.2220956534,159902
RECHAZADO,0.464020133,156284
RECHAZADO,0.5751382113,156285
RECHAZADO,0.745069623,157110
RECHAZADO,0.6919346452,157345
RECHAZADO,0.9022157192,157346
RECHAZADO,0.8076583147,157658
RECHAZADO,0.3812407851,157718
RECHAZADO,0.7519883513,157285
RECHAZADO,0.1432661265,157308
RECHAZADO,0.8099228144,157320
APROBADO,0.9709960818,157386
RECHAZADO,0.9293512702,157398
RECHAZADO,0.5105773807,157656
RECHAZADO,0.678943336,157790
RECHAZADO,0.2124259621,157794
RECHAZADO,0.7007248998,157795
APROBADO,0.9818544388,157803
RECHAZADO,0.7811077237,157948
RECHAZADO,0.4665706456,158079
RECHAZADO,0.4415634274,158125
RECHAZADO,0.3762271702,158216
RECHAZADO,0.3344428837,158226
RECHAZADO,0.4412701726,158232
RECHAZADO,0.8662212491,156763
RECHAZADO,0.7258589864,157371
RECHAZADO,0.7498471141,157383
APROBADO,0.9698954225,157404
RECHAZADO,0.9297291636,157415
RECHAZADO,0.2671209574,157487
RECHAZADO,0.9011172652,157491
RECHAZADO,0.2778776884,157557
RECHAZADO,0.3092285395,157706
RECHAZADO,0.8263360858,157707
RECHAZADO,0.4793227315,157711
RECHAZADO,0.8617058992,157714
RECHAZADO,0.4713633358,157717
RECHAZADO,0.1331163943,157818
RECHAZADO,0.8612416387,158050
RECHAZADO,0.6734956503,158134
RECHAZADO,0.3523313701,158143
RECHAZADO,0.1728130281,158322
APROBADO,0.9878365397,153097
RECHAZADO,0.5045093298,153978
APROBADO,0.967684269,154074
RECHAZADO,0.8720247746,154098
RECHAZADO,0.8724236488,154101
RECHAZADO,0.8718774319,154102
RECHAZADO,0.5725662708,154104
APROBADO,0.9657300115,154107
RECHAZADO,0.7595095038,154110
RECHAZADO,0.6685230732,154333
APROBADO,0.98584795,154383
RECHAZADO,0.519231081,154458
RECHAZADO,0.2743813992,154880
RECHAZADO,0.2184614092,155146
RECHAZADO,0.5996086597,159547
RECHAZADO,0.4510072172,159584
RECHAZADO,0.111865364,159606
RECHAZADO,0.314571768,159744
RECHAZADO,0.4926708341,159745
RECHAZADO,0.6736530662,159747
RECHAZADO,0.5120144486,159748
RECHAZADO,0.8519048095,159749
RECHAZADO,0.2311191708,159750
RECHAZADO,0.9342437387,159772
RECHAZADO,0.2910130322,159791
RECHAZADO,0.8946546912,154075
APROBADO,0.9405730367,154077
RECHAZADO,0.9219088554,154084
RECHAZADO,0.8843005896,154100
RECHAZADO,0.4113502502,152143
RECHAZADO,0.5754114985,152344
RECHAZADO,0.3948378563,152345
RECHAZADO,0.5706970096,152346
RECHAZADO,0.4144281745,152349
RECHAZADO,0.9272546768,152363
RECHAZADO,0.5855128169,152434
RECHAZADO,0.6801815033,152477
RECHAZADO,0.3763575554,152523
RECHAZADO,0.4419578314,152680
RECHAZADO,0.3602119684,152721
RECHAZADO,0.6083740592,152794
RECHAZADO,0.2635394931,152797
RECHAZADO,0.8622094393,152798
RECHAZADO,0.7062774301,152801
RECHAZADO,0.2815541327,152802
RECHAZADO,0.5748126507,153051
RECHAZADO,0.776330471,153163
APROBADO,0.9651453495,153166
RECHAZADO,0.9149127603,153167
RECHAZADO,0.633325994,153172
RECHAZADO,0.5077942014,153400
APROBADO,0.9811857343,153401
RECHAZADO,0.8208788633,153427
RECHAZADO,0.562183857,153502
RECHAZADO,0.9202219248,153522
RECHAZADO,0.89201051,153543
RECHAZADO,0.9085484743,158164
RECHAZADO,0.8873394132,158406
APROBADO,0.984228611,158415
APROBADO,0.9792581201,158416
RECHAZADO,0.7726267576,158417
RECHAZADO,0.866341114,158541
RECHAZADO,0.8713760376,158543
RECHAZADO,0.3755750358,158626
RECHAZADO,0.7343417406,158673
RECHAZADO,0.5778305531,158674
RECHAZADO,0.3910674453,158675
RECHAZADO,0.681945622,158677
RECHAZADO,0.6078418493,158678
RECHAZADO,0.4285312593,158717
RECHAZADO,0.771713376,158739
RECHAZADO,0.8661066294,158742
RECHAZADO,0.3642256558,158755
RECHAZADO,0.4681926668,158769
RECHAZADO,0.5985722542,158818
RECHAZADO,0.4536044002,158238
RECHAZADO,0.7053701878,158240
RECHAZADO,0.8828769922,158245
RECHAZADO,0.358304143,158246
RECHAZADO,0.7287272215,158247
APROBADO,0.9708196521,158268
APROBADO,0.9423610568,155267
RECHAZADO,0.7593948841,152760
RECHAZADO,0.8005906343,153055
RECHAZADO,0.9056048989,153066
RECHAZADO,0.5360689759,153083
APROBADO,0.9691429734,153088
RECHAZADO,0.6463038921,153090
RECHAZADO,0.8991554976,153145
APROBADO,0.9361982942,153162
APROBADO,0.9574412107,153239
RECHAZADO,0.6130768657,153516
APROBADO,0.9493124485,153545
RECHAZADO,0.5289366841,153547
RECHAZADO,0.8631097674,153549
RECHAZADO,0.9170734882,155404
RECHAZADO,0.8731154799,155409
RECHAZADO,0.683835566,155539
RECHAZADO,0.7123655081,155646
RECHAZADO,0.6683471203,156128
RECHAZADO,0.6022083163,156129
APROBADO,0.9866424799,156130
APROBADO,0.9735963941,156138
RECHAZADO,0.926649034,156140
RECHAZADO,0.601095438,156313
RECHAZADO,0.8448240757,156403
RECHAZADO,0.7745447755,156404
RECHAZADO,0.8867871165,156405
RECHAZADO,0.6585350633,156406
RECHAZADO,0.9092777371,156407
RECHAZADO,0.9312306643,159930
RECHAZADO,0.88390553,159598
RECHAZADO,0.7211914659,159599
RECHAZADO,0.7573193908,160172
RECHAZADO,0.8651345968,154897
RECHAZADO,0.5639070272,155495
RECHAZADO,0.6616234779,155504
RECHAZADO,0.5808622241,155513
RECHAZADO,0.3296195567,155519
RECHAZADO,0.3225222528,155641
RECHAZADO,0.2121244818,155805
RECHAZADO,0.1721367985,157537
RECHAZADO,0.2170623988,157538
RECHAZADO,0.5858539343,157541
RECHAZADO,0.6226082444,157764
RECHAZADO,0.8235061765,157766
RECHAZADO,0.6560429931,157952
RECHAZADO,0.7184785604,158053
RECHAZADO,0.543761611,158813
RECHAZADO,0.9261429906,158945
RECHAZADO,0.3947088122,159075
RECHAZADO,0.69250983,159076
APROBADO,0.9849780798,159083
APROBADO,0.9678679109,159109
RECHAZADO,0.8471952677,159115
RECHAZADO,0.3934088051,159125
RECHAZADO,0.7799554467,159126
RECHAZADO,0.7388961315,159129
APROBADO,0.9710345268,159147
RECHAZADO,0.6955729127,159267
RECHAZADO,0.5831664205,159406
RECHAZADO,0.9134079218,158607
RECHAZADO,0.7979021668,158608
RECHAZADO,0.815300405,158609
RECHAZADO,0.8174897432,158611
RECHAZADO,0.6511902213,158694
RECHAZADO,0.6583679914,158703
RECHAZADO,0.7281296253,158782
RECHAZADO,0.672237277,158785
RECHAZADO,0.7868392467,158787
RECHAZADO,0.5317329168,158789
RECHAZADO,0.8063871264,158808
RECHAZADO,0.8103349805,158809
RECHAZADO,0.5097373128,159000
RECHAZADO,0.1144344732,159022
RECHAZADO,0.1216875613,152472
RECHAZADO,0.3203769028,154669
APROBADO,0.9392294884,154812
APROBADO,0.9923655391,154821
APROBADO,0.9872976542,154822
APROBADO,0.965575397,154824
RECHAZADO,0.9274129868,154837
RECHAZADO,0.1313503832,155114
RECHAZADO,0.3172583282,153099
RECHAZADO,0.0686453208,153101
RECHAZADO,0.1899531335,153105
RECHAZADO,0.6873517036,153395
RECHAZADO,0.2756167054,154363
RECHAZADO,0.3391174376,154960
RECHAZADO,0.784445107,155555
RECHAZADO,0.8386935592,157362
RECHAZADO,0.458620131,157363
RECHAZADO,0.8058055043,157611
RECHAZADO,0.4155594707,157612
RECHAZADO,0.7931950688,157915
RECHAZADO,0.9319835901,154435
RECHAZADO,0.6442143917,154436
RECHAZADO,0.5999308825,154437
RECHAZADO,0.5124861002,154438
RECHAZADO,0.5905387402,154439
RECHAZADO,0.5401737094,154485
RECHAZADO,0.7366958261,154567
RECHAZADO,0.2593972981,157243
RECHAZADO,0.7643305063,157310
RECHAZADO,0.096578531,157483
RECHAZADO,0.3154378533,157558
RECHAZADO,0.5861772299,157937
RECHAZADO,0.8091734648,158379
RECHAZADO,0.7657635808,158380
RECHAZADO,0.8232385516,158381
RECHAZADO,0.8189288974,158382
RECHAZADO,0.5312433839,158385
RECHAZADO,0.7480731606,158386
RECHAZADO,0.9091255665,158706
RECHAZADO,0.4797292054,158784
RECHAZADO,0.5170645714,158882
RECHAZADO,0.8191129565,158887
RECHAZADO,0.8807166815,159024
RECHAZADO,0.8621815443,159025
APROBADO,0.936252892,159026
APROBADO,0.9686154723,159027
RECHAZADO,0.2404584289,155755
RECHAZADO,0.9287512898,155762
RECHAZADO,0.9157547951,155763
RECHAZADO,0.5675991774,156048
RECHAZADO,0.8048252463,156108
RECHAZADO,0.5371186137,156111
RECHAZADO,0.6853666306,156156
RECHAZADO,0.2245840579,156159
RECHAZADO,0.8098911643,156160
RECHAZADO,0.2511988282,156161
RECHAZADO,0.4956662357,156247
RECHAZADO,0.9274991155,156849
RECHAZADO,0.8558652401,156851
APROBADO,0.9718202949,156872
RECHAZADO,0.9094651341,156876
RECHAZADO,0.932464242,156878
RECHAZADO,0.4060025215,156882
RECHAZADO,0.8433912396,156884
RECHAZADO,0.5517470837,151527
RECHAZADO,0.8388869166,152598
APROBADO,0.9549494982,152602
RECHAZADO,0.6049047112,152605
APROBADO,0.9714862704,153040
RECHAZADO,0.2012019604,153763
RECHAZADO,0.1737522632,153824
RECHAZADO,0.3967818618,153825
RECHAZADO,0.7120341659,153827
RECHAZADO,0.1355650872,153828
RECHAZADO,0.5628220439,153830
APROBADO,0.9496219754,153837
RECHAZADO,0.8022179008,153320
RECHAZADO,0.6913330555,153323
RECHAZADO,0.9160491228,153343
RECHAZADO,0.4476868808,153431
RECHAZADO,0.6741599441,153499
RECHAZADO,0.7186231017,153500
APROBADO,0.9370124936,153504
RECHAZADO,0.7755209208,153509
RECHAZADO,0.9034671783,153518
RECHAZADO,0.5241780281,153544
RECHAZADO,0.8729096651,153556
RECHAZADO,0.9319375157,153564
RECHAZADO,0.7650051117,153565
RECHAZADO,0.7250720859,153584
RECHAZADO,0.8682991862,153704
APROBADO,0.9730646014,153705
APROBADO,0.9744104743,154441
RECHAZADO,0.5865215063,154443
RECHAZADO,0.4757682085,154449
RECHAZADO,0.8915753961,154459
RECHAZADO,0.645427227,154707
RECHAZADO,0.896838069,154716
RECHAZADO,0.6572140455,154840
APROBADO,0.9701152444,157407
APROBADO,0.9946044087,157659
APROBADO,0.9914668798,157681
RECHAZADO,0.9244481325,157728
RECHAZADO,0.9294523597,157912
RECHAZADO,0.5470895171,154610
RECHAZADO,0.8794966936,154899
RECHAZADO,0.7201250196,154900
APROBADO,0.9817597866,154902
APROBADO,0.9669418335,154905
RECHAZADO,0.8898194432,154906
RECHAZADO,0.476323843,155282
RECHAZADO,0.5689552426,155287
RECHAZADO,0.6192603111,155395
RECHAZADO,0.8088710308,155399
RECHAZADO,0.8234059811,155403
RECHAZADO,0.7957441807,155407
APROBADO,0.976139605,155415
RECHAZADO,0.9202337861,155558
RECHAZADO,0.9229663014,155569
RECHAZADO,0.1765107363,157926
RECHAZADO,0.20625633,148081
RECHAZADO,0.188473314,152286
RECHAZADO,0.4209084213,152563
RECHAZADO,0.5444723964,152623
RECHAZADO,0.2631152868,152793
RECHAZADO,0.1882675588,152953
RECHAZADO,0.5367929935,152985
RECHAZADO,0.6724068522,153202
RECHAZADO,0.3056996763,153248
RECHAZADO,0.1326844841,153251
RECHAZADO,0.9323307872,153582
RECHAZADO,0.6108381748,153585
RECHAZADO,0.2845524251,153678
RECHAZADO,0.9302932024,153855
RECHAZADO,0.6430099607,153878
RECHAZADO,0.3699172437,153889
RECHAZADO,0.8178322315,152624
RECHAZADO,0.8148167133,153038
RECHAZADO,0.8567306399,153082
RECHAZADO,0.8750835657,153085
APROBADO,0.9743169546,153086
APROBADO,0.9547561407,153087
RECHAZADO,0.9114820361,153096
RECHAZADO,0.7689501643,153199
APROBADO,0.9544881582,157409
RECHAZADO,0.2710708082,158090
RECHAZADO,0.5963981152,158292
RECHAZADO,0.9092857242,158354
RECHAZADO,0.5351361632,158356
RECHAZADO,0.5886150599,158579
RECHAZADO,0.8450929523,152823
RECHAZADO,0.7341828346,154278
RECHAZADO,0.3332738578,154281
RECHAZADO,0.4633139074,154465
RECHAZADO,0.2992750108,154608
RECHAZADO,0.7209627628,154715
RECHAZADO,0.8391850591,154792
APROBADO,0.9455866218,154827
RECHAZADO,0.3730329275,153761
RECHAZADO,0.1520555466,153765
RECHAZADO,0.3695053458,153767
RECHAZADO,0.8587768674,153795
RECHAZADO,0.6933394074,153838
RECHAZADO,0.9082040787,153857
RECHAZADO,0.5212143064,153961
APROBADO,0.994263947,154056
RECHAZADO,0.6378759742,153542
RECHAZADO,0.7040127516,153904
RECHAZADO,0.4142433405,154666
APROBADO,0.9851921797,157598
RECHAZADO,0.8577898145,157602
APROBADO,0.9449500442,157608
APROBADO,0.9900792837,157719
RECHAZADO,0.7603391409,157993
RECHAZADO,0.3886976242,157998
APROBADO,0.9394216537,158022
RECHAZADO,0.565162003,158128
RECHAZADO,0.1919392645,152329
RECHAZADO,0.1331288517,152339
RECHAZADO,0.4333603382,152475
RECHAZADO,0.5696525574,153138
RECHAZADO,0.0670216903,153183
RECHAZADO,0.3023249209,153185
RECHAZADO,0.8559784889,153197
RECHAZADO,0.1647247076,153220
RECHAZADO,0.5392612815,157412
RECHAZADO,0.8662916422,157421
RECHAZADO,0.9181953669,157661
RECHAZADO,0.7793108225,157662
APROBADO,0.975823164,157675
APROBADO,0.9913789034,157676
RECHAZADO,0.8417035937,157680
APROBADO,0.9404430389,159071
RECHAZADO,0.8671740294,159077
RECHAZADO,0.8289033771,159080
RECHAZADO,0.8935217261,159082
RECHAZADO,0.6557645202,159387
RECHAZADO,0.3201271296,159396
RECHAZADO,0.6387935877,159405
RECHAZADO,0.3140461147,159408
RECHAZADO,0.4556438923,159452
RECHAZADO,0.6852455139,154262
RECHAZADO,0.7707310915,154358
RECHAZADO,0.7604364157,154360
RECHAZADO,0.7255907655,154559
RECHAZADO,0.7851341367,154265
RECHAZADO,0.8910767436,159513
RECHAZADO,0.8384776711,160115
APROBADO,0.9713161588,160133
APROBADO,0.9561603665,160142
APROBADO,0.9957140684,160143
RECHAZADO,0.7759553194,152945
APROBADO,0.9584102035,152999
APROBADO,0.9578584433,153192
RECHAZADO,0.7783053517,153203
APROBADO,0.9546481371,153214
RECHAZADO,0.3208802938,155388
APROBADO,0.9381725788,155394
APROBADO,0.9642020464,159298
APROBADO,0.9362571239,159299
RECHAZADO,0.9315193892,159300
APROBADO,0.9439893961,159308
RECHAZADO,0.8877670169,156419
RECHAZADO,0.8785340786,154464
RECHAZADO,0.4909330308,157995
RECHAZADO,0.2897751033,157996
RECHAZADO,0.8259298801,158165
RECHAZADO,0.5166788697,158169
RECHAZADO,0.5159358978,158227
RECHAZADO,0.3090792596,158228
RECHAZADO,0.7121295333,155005
RECHAZADO,0.8264601827,151626
RECHAZADO,0.8799408674,151642
RECHAZADO,0.8670610785,151802
RECHAZADO,0.5318051577,151883
RECHAZADO,0.5594679117,152317
RECHAZADO,0.9314976931,156210
RECHAZADO,0.7097743154,156213
RECHAZADO,0.7325327992,156216
RECHAZADO,0.8066626191,156219
RECHAZADO,0.6267849803,156222
RECHAZADO,0.5536608696,156364
RECHAZADO,0.6672317982,156387
RECHAZADO,0.0408236198,158377
RECHAZADO,0.4394379258,158405
RECHAZADO,0.3522521257,158527
RECHAZADO,0.7827210426,158542
RECHAZADO,0.5664979815,158584
RECHAZADO,0.0918926969,152815
RECHAZADO,0.8303623796,152818
RECHAZADO,0.0926825032,152820
RECHAZADO,0.2780781686,152822
RECHAZADO,0.1439304352,152832
RECHAZADO,0.0803300068,152939
RECHAZADO,0.2993239164,153706
RECHAZADO,0.7954971194,153981
RECHAZADO,0.7975446582,158844
RECHAZADO,0.610558629,158890
RECHAZADO,0.8053951859,158900
RECHAZADO,0.4007108808,158903
RECHAZADO,0.2443606257,158904
RECHAZADO,0.1332181245,158582
RECHAZADO,0.7182438374,158599
RECHAZADO,0.5412654877,158612
RECHAZADO,0.5479779243,156621
APROBADO,0.9680073857,152850
RECHAZADO,0.3773088455,152941
APROBADO,0.9604917169,158746
RECHAZADO,0.8475846648,152069
APROBADO,0.9563994408,152960
RECHAZADO,0.8051650524,153000
RECHAZADO,0.927241981,153001
APROBADO,0.9632573724,153018
RECHAZADO,0.8713100553,159607
RECHAZADO,0.7031605244,158627
RECHAZADO,0.8436127901,159328
RECHAZADO,0.4926877618,159332
RECHAZADO,0.5335503817,159373
RECHAZADO,0.8523418903,154946
RECHAZADO,0.5908452272,155615
RECHAZADO,0.5452859998,155767
RECHAZADO,0.4157595038,155779
RECHAZADO,0.6274126172,155780
RECHAZADO,0.660063982,155781
RECHAZADO,0.2790132761,155783
RECHAZADO,0.608289659,156091
RECHAZADO,0.4917131066,156092
RECHAZADO,0.7193968892,156114
RECHAZADO,0.8070936799,158209
RECHAZADO,0.394921571,158367
RECHAZADO,0.1030794382,158578
RECHAZADO,0.2360207736,152566
RECHAZADO,0.648229599,154377
RECHAZADO,0.3044656515,158625
RECHAZADO,0.727966547,158666
RECHAZADO,0.7853460908,158696
RECHAZADO,0.2520675063,154794
RECHAZADO,0.1428964138,154795
RECHAZADO,0.9099878073,155073
RECHAZADO,0.103370145,155116
APROBADO,0.9639108777,151755
RECHAZADO,0.3296526074,152636
RECHAZADO,0.2968562841,152384
RECHAZADO,0.5967876315,152385
RECHAZADO,0.5111088753,152474
RECHAZADO,0.601958096,152536
RECHAZADO,0.1833606362,154888
RECHAZADO,0.205164969,154976
RECHAZADO,0.3170498013,160382
RECHAZADO,0.6697342992,154879
APROBADO,0.9369733334,155408
RECHAZADO,0.4200194478,159497
RECHAZADO,0.0501213856,153065
RECHAZADO,0.4659971297,153306
RECHAZADO,0.5959432125,154320
RECHAZADO,0.270642966,154328
RECHAZADO,0.7476073503,154335
APROBADO,0.9595171809,154806
APROBADO,0.9614311457,154810
RECHAZADO,0.5644629598,154811
RECHAZADO,0.7154506445,154835
RECHAZADO,0.2997622192,154924
RECHAZADO,0.0649242923,154926
RECHAZADO,0.8515716195,152210
RECHAZADO,0.1853553802,152212
RECHAZADO,0.9089719057,145969
RECHAZADO,0.1499212682,155265
RECHAZADO,0.3391729891,156151
RECHAZADO,0.2687576413,156365
RECHAZADO,0.6640121341,156366
RECHAZADO,0.625752449,156458
RECHAZADO,0.7716005445,156460
RECHAZADO,0.1747863144,152641
RECHAZADO,0.2346788347,159173
RECHAZADO,0.569119513,159517
RECHAZADO,0.6247979403,159525
RECHAZADO,0.6829867959,160181
RECHAZADO,0.5592539907,158862
RECHAZADO,0.2798156142,158907
RECHAZADO,0.9175151587,159177
RECHAZADO,0.5097578764,155041
RECHAZADO,0.5555379391,152120
RECHAZADO,0.6033079028,153602
RECHAZADO,0.6557904482,153603
RECHAZADO,0.237117067,159835
RECHAZADO,0.371632576,154767
RECHAZADO,0.3448016942,154975
RECHAZADO,0.8918529153,157530
RECHAZADO,0.7596260905,157534
APROBADO,0.9713969231,157348
APROBADO,0.9440504909,156738
APROBADO,0.9672589898,156802
RECHAZADO,0.8435639143,157609
RECHAZADO,0.265263021,158860
RECHAZADO,0.5325133801,158865
RECHAZADO,0.6308184266,158867
RECHAZADO,0.3247725964,159058
RECHAZADO,0.7033512592,154076
RECHAZADO,0.55915308,158847
RECHAZADO,0.1721555442,159061
RECHAZADO,0.6659421325,159062
RECHAZADO,0.6976456046,155959
RECHAZADO,0.1807744056,155966
RECHAZADO,0.2983445227,156030
RECHAZADO,0.3772916496,156053
RECHAZADO,0.893881917,156147
RECHAZADO,0.6409603357,156202
RECHAZADO,0.4187512696,158823
RECHAZADO,0.4972223341,152620
RECHAZADO,0.6955940127,152819
RECHAZADO,0.6507306695,152943
RECHAZADO,0.8491721153,153106
APROBADO,0.944054842,155925
RECHAZADO,0.389485389,158920
RECHAZADO,0.5302886963,159065
RECHAZADO,0.4283860326,159066
RECHAZADO,0.6823325157,159152
RECHAZADO,0.1283406913,159820
RECHAZADO,0.3751224279,159821
RECHAZADO,0.5976356268,159822
RECHAZADO,0.6852722168,159828
RECHAZADO,0.9147689939,152716
RECHAZADO,0.3532887995,153822
RECHAZADO,0.0764469653,154113
RECHAZADO,0.8325383663,154290
RECHAZADO,0.7174534798,155452
RECHAZADO,0.5701860785,160231
APROBADO,0.9630182981,160547
RECHAZADO,0.7923724055,153505
RECHAZADO,0.2972525954,153560
RECHAZADO,0.6690970659,153940
RECHAZADO,0.7525256276,157406
RECHAZADO,0.6477354169,157510
APROBADO,0.9684485197,159585
RECHAZADO,0.8514815569,154488
RECHAZADO,0.7517018914,154494
RECHAZADO,0.8876119852,154876
RECHAZADO,0.7567273378,154878
RECHAZADO,0.8539197445,154135
RECHAZADO,0.7079902291,159515
APROBADO,0.9584544301,160121
RECHAZADO,0.4573926628,160325
RECHAZADO,0.6504945159,160328
RECHAZADO,0.8174012899,160330
RECHAZADO,0.6704562902,160332
RECHAZADO,0.6462135315,160336
RECHAZADO,0.5750471354,160337
RECHAZADO,0.9318515658,160338
RECHAZADO,0.316175133,151779
RECHAZADO,0.4434153438,155261
RECHAZADO,0.7479936481,156038
RECHAZADO,0.6344180703,159297
RECHAZADO,0.2724480033,159181
RECHAZADO,0.6743513942,159302
RECHAZADO,0.7064801455,153722
RECHAZADO,0.2999849021,153727
RECHAZADO,0.1610989571,153777
RECHAZADO,0.8577295542,153586
RECHAZADO,0.8741548657,153587
RECHAZADO,0.8311220407,151844
RECHAZADO,0.5331688523,152263
RECHAZADO,0.5152699947,154927
APROBADO,0.9634908438,154932
RECHAZADO,0.7950380445,158056
APROBADO,0.9486272335,159018
RECHAZADO,0.6113939285,156456
RECHAZADO,0.7466299534,156462
RECHAZADO,0.4082371891,157176
RECHAZADO,0.2573242188,159498
RECHAZADO,0.3464102149,159529
RECHAZADO,0.0360802524,159833
RECHAZADO,0.8859988451,153252
RECHAZADO,0.8327880502,158881
RECHAZADO,0.4267620742,158889
RECHAZADO,0.5495673418,159518
RECHAZADO,0.6784213185,152778
RECHAZADO,0.8822817802,153539
RECHAZADO,0.751763761,156623
RECHAZADO,0.7251091599,156764
RECHAZADO,0.7771767974,156848
RECHAZADO,0.165665701,156881
RECHAZADO,0.4495217502,157177
RECHAZADO,0.6193583608,159142
RECHAZADO,0.3948555887,157613
RECHAZADO,0.2965933084,153721
RECHAZADO,0.6349285245,153774
RECHAZADO,0.9184007049,155968
APROBADO,0.9927373528,155889
RECHAZADO,0.8506827354,156418
APROBADO,0.9950861335,156422
APROBADO,0.9633343816,157287
RECHAZADO,0.837421298,157291
RECHAZADO,0.6489272118,157311
RECHAZADO,0.9132601023,157312
RECHAZADO,0.7841647863,157313
RECHAZADO,0.8650979996,159404
RECHAZADO,0.7170380354,157785
APROBADO,0.9504908919,157786
RECHAZADO,0.8108096123,157787
RECHAZADO,0.9244270921,157789
RECHAZADO,0.1814182103,159527
RECHAZADO,0.8448694944,155387
RECHAZADO,0.7595783472,155389
RECHAZADO,0.8202115893,155390
RECHAZADO,0.5663636923,155433
RECHAZADO,0.2767924368,155487
RECHAZADO,0.8881236911,152826
RECHAZADO,0.139927581,153433
RECHAZADO,0.1265780181,157524
RECHAZADO,0.9183220863,154301
RECHAZADO,0.9147346616,154338
APROBADO,0.9390308857,154362
RECHAZADO,0.9335778952,154366
APROBADO,0.981730938,155280
RECHAZADO,0.7329941392,155867
APROBADO,0.9606537223,158705
RECHAZADO,0.8467053771,158819
RECHAZADO,0.0503730737,159063
RECHAZADO,0.3988184333,154785
RECHAZADO,0.1422192752,153568
RECHAZADO,0.0499671809,155398
RECHAZADO,0.4815626144,155590
RECHAZADO,0.5879737139,155603
RECHAZADO,0.6687534451,155607
RECHAZADO,0.6002788544,156837
RECHAZADO,0.1599411964,156871
RECHAZADO,0.7595992684,156072
RECHAZADO,0.4204054177,157997
RECHAZADO,0.3715107739,158166
RECHAZADO,0.922349453,152232
RECHAZADO,0.6161084771,152233
RECHAZADO,0.5640654564,154036
RECHAZADO,0.7288166285,154040
RECHAZADO,0.8277677298,154042
RECHAZADO,0.8746806979,154045
RECHAZADO,0.8373545408,154197
RECHAZADO,0.8967490196,154274
RECHAZADO,0.9164810777,157791
RECHAZADO,0.3062546551,153608
RECHAZADO,0.3772153854,153619
RECHAZADO,0.5331341028,159952
RECHAZADO,0.467795074,159964
RECHAZADO,0.6516206264,154353
APROBADO,0.9943205118,159070
RECHAZADO,0.8364597559,158265
RECHAZADO,0.8106074929,152930
RECHAZADO,0.5794101357,156205
RECHAZADO,0.189906314,156067
RECHAZADO,0.6743932962,156332
RECHAZADO,0.3754588962,156442
RECHAZADO,0.7954319715,157011
RECHAZADO,0.8482095003,156260
RECHAZADO,0.7221041918,156357
RECHAZADO,0.7280662656,155044
RECHAZADO,0.7692042589,147487
APROBADO,0.9736328125,147489
RECHAZADO,0.6396306157,147492
RECHAZADO,0.6854593158,159797
RECHAZADO,0.3047127724,159838
RECHAZADO,0.3238474727,147582
RECHAZADO,0.8637261987,158221
RECHAZADO,0.7486521602,158360
RECHAZADO,0.8396524787,156737
RECHAZADO,0.6323366761,156745
RECHAZADO,0.4352944791,157270
RECHAZADO,0.7553259134,154859
RECHAZADO,0.3903892636,158901
RECHAZADO,0.6497368217,152162
RECHAZADO,0.7494051456,152599
RECHAZADO,0.549110055,152905
RECHAZADO,0.5969629288,153140
RECHAZADO,0.5049648881,143960
RECHAZADO,0.8794804215,155983
RECHAZADO,0.3462602198,155985
RECHAZADO,0.4514912367,156207
RECHAZADO,0.1020699739,157523
RECHAZADO,0.8417317867,154231
RECHAZADO,0.9332973361,153583
RECHAZADO,0.8530187607,158669
APROBADO,0.9446311593,158697
RECHAZADO,0.5462619066,152567
RECHAZADO,0.8686343431,152908
RECHAZADO,0.6550061703,153392
RECHAZADO,0.5998519659,159563
RECHAZADO,0.5629642606,151756
RECHAZADO,0.7053405046,151757
RECHAZADO,0.9289289117,152227
RECHAZADO,0.8237352371,147989
RECHAZADO,0.8827112317,147991
RECHAZADO,0.8461399674,153448
RECHAZADO,0.6010104418,158884
RECHAZADO,0.7907760143,155199
RECHAZADO,0.861218214,155488
RECHAZADO,0.5201773643,151641
RECHAZADO,0.1788528413,151885
RECHAZADO,0.1888915598,152362
APROBADO,0.9668385983,155410
RECHAZADO,0.5215229988,154279
RECHAZADO,0.1976451129,159680
RECHAZADO,0.7192563415,157439
RECHAZADO,0.7672528625,157440
RECHAZADO,0.7269176841,160450
RECHAZADO,0.854524374,156833
RECHAZADO,0.4397348166,156850
RECHAZADO,0.6514520049,156863
APROBADO,0.9614886642,152849
RECHAZADO,0.8907575607,153279
RECHAZADO,0.8155274391,153307
RECHAZADO,0.2606032789,155337
RECHAZADO,0.9011611342,157928
RECHAZADO,0.4821268618,157929
RECHAZADO,0.7129855752,157931
RECHAZADO,0.5992151499,157945
RECHAZADO,0.8977398872,157979
APROBADO,0.9375444651,157982
RECHAZADO,0.862994194,160392
RECHAZADO,0.9290258288,160577
RECHAZADO,0.8520765901,160668
RECHAZADO,0.8481764793,160671
RECHAZADO,0.6018205285,160674
APROBADO,0.9666347504,160675
APROBADO,0.9496635795,160728
RECHAZADO,0.667708993,160761
RECHAZADO,0.9236670136,160829
RECHAZADO,0.6922044158,160689
APROBADO,0.9535312057,160687
APROBADO,0.9536086321,159941
RECHAZADO,0.3781605363,159943
APROBADO,0.9390966892,159946
APROBADO,0.9365510345,159949
APROBADO,0.9433826208,160653
APROBADO,0.9579054713,160878
RECHAZADO,0.5145214796,160879
RECHAZADO,0.9255771041,160876
RECHAZADO,0.9131731987,160882
RECHAZADO,0.9145477414,160909
RECHAZADO,0.7980215549,160563
APROBADO,0.9487990737,160899
APROBADO,0.9397782087,160953
RECHAZADO,0.1670602709,159871
RECHAZADO,0.3345274627,159876
RECHAZADO,0.6628869176,160917
RECHAZADO,0.7833834887,160881
RECHAZADO,0.5435413122,160526
RECHAZADO,0.4045513272,160683
RECHAZADO,0.6711703539,160751
RECHAZADO,0.7840812206,160752
RECHAZADO,0.7267434597,160758
RECHAZADO,0.6716198325,160775
RECHAZADO,0.7949675322,160868
RECHAZADO,0.8697119355,160883
RECHAZADO,0.7886368036,160452
RECHAZADO,0.1856768876,160453
RECHAZADO,0.7682588696,160774
RECHAZADO,0.6274428368,160527
APROBADO,0.9608002901,160753
RECHAZADO,0.7908522487,160793
RECHAZADO,0.9084541202,160409
RECHAZADO,0.6984561682,160417
RECHAZADO,0.1743859351,160747
RECHAZADO,0.4103021324,160997
APROBADO,0.9473209977,161000
APROBADO,0.9850808978,158902
APROBADO,0.9497807622,158798
RECHAZADO,0.8989519477,160465
APROBADO,0.990571022,160469
RECHAZADO,0.1719374061,156718
APROBADO,0.9683228731,158796
APROBADO,0.9568320513,158800
RECHAZADO,0.8789728284,159837
RECHAZADO,0.7080460787,160227
RECHAZADO,0.2800565958,161115
RECHAZADO,0.6937779188,161225
RECHAZADO,0.9238333106,161239
RECHAZADO,0.8486276269,160794
RECHAZADO,0.7925682664,161083
RECHAZADO,0.8475784063,161049
RECHAZADO,0.5155532956,161060
RECHAZADO,0.610530436,161080
RECHAZADO,0.8912230134,161050
RECHAZADO,0.659830451,161051
APROBADO,0.9570227861,160581
RECHAZADO,0.8537817597,160582
RECHAZADO,0.7526110411,160991
RECHAZADO,0.759511888,160528
APROBADO,0.9593194723,161087
APROBADO,0.9560480118,160813
RECHAZADO,0.4926774502,161213
RECHAZADO,0.5848639607,161249
RECHAZADO,0.7915885448,160613
RECHAZADO,0.6237676144,159870
RECHAZADO,0.8092570305,159951
RECHAZADO,0.203754887,160501
APROBADO,0.9700573683,161111
RECHAZADO,0.4539462924,161144
RECHAZADO,0.3565378189,161222
RECHAZADO,0.5656459332,161227
RECHAZADO,0.2946051061,161375
APROBADO,0.9643186331,161506
RECHAZADO,0.6357729435,161524
RECHAZADO,0.4147976637,160616
APROBADO,0.9399471283,160806
APROBADO,0.9473709464,160827
APROBADO,0.96831882,161028
RECHAZADO,0.1589761227,161047
RECHAZADO,0.3523817658,161487
RECHAZADO,0.4998211265,161522
RECHAZADO,0.5874282122,161538
RECHAZADO,0.7565541863,161666
APROBADO,0.9617576599,161701
APROBADO,0.9395250678,160963
RECHAZADO,0.3557181358,160967
RECHAZADO,0.8114695549,160986
RECHAZADO,0.2517077625,161297
RECHAZADO,0.5490779281,140847
RECHAZADO,0.4205895364,160377
RECHAZADO,0.3514778018,160379
RECHAZADO,0.8538449407,160755
APROBADO,0.9603210688,160804
APROBADO,0.9783015251,161001
RECHAZADO,0.2925666869,161044
RECHAZADO,0.7567425966,161078
APROBADO,0.9699813128,161081
RECHAZADO,0.3059271872,161371
RECHAZADO,0.8272752166,161374
RECHAZADO,0.6245698929,161385
RECHAZADO,0.8494483232,161386
APROBADO,0.9683158994,161387
RECHAZADO,0.8368962407,161392
RECHAZADO,0.8713102341,161440
RECHAZADO,0.6224113107,161443
APROBADO,0.9718144536,161523
RECHAZADO,0.1058380008,161545
RECHAZADO,0.8490619659,161577
RECHAZADO,0.8265124559,161619
RECHAZADO,0.819773674,161621
RECHAZADO,0.4029488266,158833
RECHAZADO,0.9318470359,159579
RECHAZADO,0.2173154205,160237
RECHAZADO,0.6982679963,160245
RECHAZADO,0.1431643665,160544
RECHAZADO,0.4087818861,160719
RECHAZADO,0.5160192847,161045
RECHAZADO,0.8553632498,161445
APROBADO,0.9453699589,161462
RECHAZADO,0.8730482459,161467
RECHAZADO,0.8825566173,161484
RECHAZADO,0.6759597659,161519
RECHAZADO,0.6984368563,161540
RECHAZADO,0.6328891516,161635
RECHAZADO,0.8666923046,160456
RECHAZADO,0.9083688259,161627
RECHAZADO,0.9118161201,161732
RECHAZADO,0.1680940688,161829
RECHAZADO,0.3832758367,160406
APROBADO,0.9555997252,161202
RECHAZADO,0.7315214872,161989
RECHAZADO,0.4124164283,161178
APROBADO,0.9848188162,161394
APROBADO,0.9840549827,161591
RECHAZADO,0.6095457673,161987
RECHAZADO,0.2380515486,162184
RECHAZADO,0.8365134001,160410
APROBADO,0.9470418692,161706
RECHAZADO,0.9016155601,161711
RECHAZADO,0.7155075073,161747
RECHAZADO,0.6624053717,161787
RECHAZADO,0.4221298695,161799
RECHAZADO,0.5262593031,161810
RECHAZADO,0.5827329755,161866
RECHAZADO,0.9341752529,161871
RECHAZADO,0.885296762,160413
RECHAZADO,0.8630127311,162096
RECHAZADO,0.9340276718,161301
RECHAZADO,0.5234229565,161796
RECHAZADO,0.47019279,161797
RECHAZADO,0.1590088457,161920
APROBADO,0.9736732841,162010
RECHAZADO,0.9027191401,162013
RECHAZADO,0.3413480222,162017
RECHAZADO,0.6445721984,162019
RECHAZADO,0.1499349028,162021
RECHAZADO,0.1965537667,162022
RECHAZADO,0.1388525665,162157
RECHAZADO,0.9173625112,162260
APROBADO,0.9601639509,162101
RECHAZADO,0.460357666,162267
RECHAZADO,0.6102296114,161903
APROBADO,0.9796509147,161991
RECHAZADO,0.441065073,162264
RECHAZADO,0.6781927347,162089
RECHAZADO,0.7164747119,162220
RECHAZADO,0.4264938235,162317
RECHAZADO,0.5360286832,160969
RECHAZADO,0.156019181,160972
RECHAZADO,0.4902340174,162105
RECHAZADO,0.6417014599,162112
APROBADO,0.9777731299,162217
RECHAZADO,0.7545723319,162222
RECHAZADO,0.6493590474,162310
RECHAZADO,0.8721900582,162455
RECHAZADO,0.6179600954,162481
RECHAZADO,0.081839174,162600
RECHAZADO,0.6057654023,162708
APROBADO,0.9705541134,162723
RECHAZADO,0.0712633133,161899
RECHAZADO,0.3585873246,162591
RECHAZADO,0.7835866213,162773
RECHAZADO,0.8856239319,162597
RECHAZADO,0.7880792618,162590
RECHAZADO,0.8382811546,161102
RECHAZADO,0.8532142639,162071
RECHAZADO,0.0517800115,162592
RECHAZADO,0.5593178868,162667
APROBADO,0.9646772742,162725
RECHAZADO,0.7320965528,162745
RECHAZADO,0.8477039337,162907
APROBADO,0.9594986439,162583
APROBADO,0.9927076697,162586
RECHAZADO,0.872096777,162672
RECHAZADO,0.2729095519,162679
RECHAZADO,0.4905188382,162699
RECHAZADO,0.3048795164,162573
RECHAZADO,0.4299079478,162847
RECHAZADO,0.4946156442,162855
RECHAZADO,0.5410215855,162182
RECHAZADO,0.3910961449,162372
RECHAZADO,0.6491490602,162385
RECHAZADO,0.5464024544,162454
RECHAZADO,0.7433342934,162527
RECHAZADO,0.3340967596,162730
RECHAZADO,0.4814514518,162846
RECHAZADO,0.5250242949,162939
RECHAZADO,0.0425007083,162099
RECHAZADO,0.0811211169,162311
RECHAZADO,0.5046873689,162354
RECHAZADO,0.5720525384,162480
RECHAZADO,0.4616726637,162487
RECHAZADO,0.3518767655,162526
RECHAZADO,0.1614152044,162554
RECHAZADO,0.1113089696,162589
RECHAZADO,0.512565136,162619
RECHAZADO,0.6426400542,162623
RECHAZADO,0.4644379616,162625
RECHAZADO,0.4452920258,162626
RECHAZADO,0.7446097136,162703
RECHAZADO,0.5048305392,162940
RECHAZADO,0.0498272181,162489
RECHAZADO,0.3623935878,162634
RECHAZADO,0.9043921232,162212
RECHAZADO,0.4785322845,162214
RECHAZADO,0.6798117161,162215
RECHAZADO,0.5082663894,162488
APROBADO,0.9546172023,160459
RECHAZADO,0.8854276538,161843
APROBADO,0.9590821266,162594
RECHAZADO,0.5627526641,163049
RECHAZADO,0.7122044563,162850
RECHAZADO,0.84812361,162851
RECHAZADO,0.6849460602,162852
RECHAZADO,0.5912418365,159769
RECHAZADO,0.2434634119,160834
RECHAZADO,0.2501305342,161089
APROBADO,0.9401273727,161091
RECHAZADO,0.5409570336,161567
RECHAZADO,0.4718666375,161590
RECHAZADO,0.1664987952,162638
RECHAZADO,0.5447559357,162646
RECHAZADO,0.3845676184,162772
RECHAZADO,0.6094845533,162774
RECHAZADO,0.3513997495,162797
RECHAZADO,0.4129690826,162863
RECHAZADO,0.6444806457,162886
RECHAZADO,0.6198228002,162624
RECHAZADO,0.77631253,162642
RECHAZADO,0.7012319565,162647
RECHAZADO,0.9000530839,162189
APROBADO,0.9787690639,162208
APROBADO,0.9874738455,162508
RECHAZADO,0.8580650687,162513
APROBADO,0.9737187028,162519
RECHAZADO,0.5435281992,162534
RECHAZADO,0.2438843548,162614
RECHAZADO,0.3446980715,162615
RECHAZADO,0.5434370637,162618
RECHAZADO,0.7154848576,162648
RECHAZADO,0.4756771922,162856
RECHAZADO,0.864672482,163099
RECHAZADO,0.8678162098,163109
RECHAZADO,0.3112411797,163255
RECHAZADO,0.5336533189,163261
RECHAZADO,0.7900877595,163269
RECHAZADO,0.568307519,162001
RECHAZADO,0.1380197257,162053
RECHAZADO,0.6404553056,162269
RECHAZADO,0.8654748201,162981
RECHAZADO,0.4599246383,163054
RECHAZADO,0.1992399395,162645
RECHAZADO,0.9150454998,161015
RECHAZADO,0.250020802,161046
RECHAZADO,0.8136985302,163422
RECHAZADO,0.0711037219,163540
RECHAZADO,0.5866137147,163452
RECHAZADO,0.4922012687,161911
RECHAZADO,0.6421564817,163454
RECHAZADO,0.2147567421,162601
RECHAZADO,0.2947374582,162609
RECHAZADO,0.5823639631,162859
RECHAZADO,0.2846070528,162923
RECHAZADO,0.3163142502,163038
RECHAZADO,0.574870348,163883
RECHAZADO,0.2251997739,163468
APROBADO,0.9462351203,163486
RECHAZADO,0.8754450083,163489
RECHAZADO,0.1893595308,163725
RECHAZADO,0.1985369027,163754
RECHAZADO,0.5653429627,163850
RECHAZADO,0.8038581014,163488
RECHAZADO,0.579881072,163491
RECHAZADO,0.6701661944,163577
RECHAZADO,0.6139144301,163592
RECHAZADO,0.4373930991,163596
RECHAZADO,0.2047550529,163579
RECHAZADO,0.2046090513,163588
RECHAZADO,0.1499602646,163594
RECHAZADO,0.7607150078,163697
RECHAZADO,0.2251636833,163853
RECHAZADO,0.7368535995,163692
RECHAZADO,0.5934509039,163926
RECHAZADO,0.7752334476,163133
RECHAZADO,0.8181299567,163438
RECHAZADO,0.6730595827,163450
RECHAZADO,0.5890867114,163903
RECHAZADO,0.3827653527,163970
RECHAZADO,0.165147841,163983
RECHAZADO,0.5670374036,162511
RECHAZADO,0.7975054979,163866
APROBADO,0.9816275239,163870
RECHAZADO,0.8190966249,163907
RECHAZADO,0.8881775737,164118
RECHAZADO,0.8301121593,163906
RECHAZADO,0.5218972564,164159
APROBADO,0.9619624615,163880
RECHAZADO,0.8197710514,163925
RECHAZADO,0.3300428391,164175
RECHAZADO,0.9347371459,164160
RECHAZADO,0.8281635642,163611
RECHAZADO,0.7758592963,163615
RECHAZADO,0.8814067245,163617
RECHAZADO,0.6642029285,163619
RECHAZADO,0.1588944346,163620
RECHAZADO,0.7805788517,163817
APROBADO,0.9745627046,163827
RECHAZADO,0.8084238768,163868
RECHAZADO,0.7894752026,163816
APROBADO,0.9816117883,163822
RECHAZADO,0.8869146109,163967
RECHAZADO,0.8223907948,163821
APROBADO,0.9678750634,164040
RECHAZADO,0.2872318029,163645
RECHAZADO,0.640365243,163666
RECHAZADO,0.3729232848,164239
RECHAZADO,0.8368298411,164268
RECHAZADO,0.8798174262,163256
RECHAZADO,0.8998242617,163259
APROBADO,0.9678888917,164346
RECHAZADO,0.4764904082,163646
RECHAZADO,0.8977633119,163354
RECHAZADO,0.8166201711,163362
RECHAZADO,0.8285021782,163381
RECHAZADO,0.4920033514,162405
RECHAZADO,0.4007635415,162731
RECHAZADO,0.7485846281,164072
RECHAZADO,0.6611139774,164197
APROBADO,0.9757969379,164414
RECHAZADO,0.6776303053,164507
APROBADO,0.9510946274,164508
RECHAZADO,0.9071238637,164517
RECHAZADO,0.1734061092,162154
RECHAZADO,0.6695405245,163250
RECHAZADO,0.3813490272,163252
RECHAZADO,0.7658515573,164071
RECHAZADO,0.7206878066,164411
RECHAZADO,0.8214216232,164679
RECHAZADO,0.875115633,163609
APROBADO,0.9511018395,163604
APROBADO,0.9753916264,163632
RECHAZADO,0.4225653708,163923
APROBADO,0.9721474648,164227
RECHAZADO,0.9197899103,164231
APROBADO,0.9592886567,164566
RECHAZADO,0.7979984879,164666
RECHAZADO,0.7819113135,164765
RECHAZADO,0.8118989468,163884
RECHAZADO,0.4602869451,163892
RECHAZADO,0.2311252356,163899
RECHAZADO,0.2837514877,164119
RECHAZADO,0.775395453,164453
RECHAZADO,0.8398683667,164540
RECHAZADO,0.3893803358,164242
RECHAZADO,0.8199182153,164485
RECHAZADO,0.58734864,164834
APROBADO,0.955928266,164406
RECHAZADO,0.7476786375,164648
APROBADO,0.9501394033,164832
RECHAZADO,0.7888827324,164202
RECHAZADO,0.413433373,164212
RECHAZADO,0.5549896359,164213
RECHAZADO,0.336991936,164373
RECHAZADO,0.2347396761,164376
RECHAZADO,0.8077711463,164524
RECHAZADO,0.190866068,164619
RECHAZADO,0.668797195,164632
RECHAZADO,0.2687733173,164635
RECHAZADO,0.7493932247,164701
RECHAZADO,0.585038662,164759
RECHAZADO,0.2639704645,164800
RECHAZADO,0.8255077004,164971
RECHAZADO,0.3543530107,164375
RECHAZADO,0.8786901832,164795
APROBADO,0.9412423968,165091
RECHAZADO,0.8821546435,165093
RECHAZADO,0.4421542883,162353
RECHAZADO,0.9202472568,162399
RECHAZADO,0.4194532037,163132
RECHAZADO,0.5921856165,163765
RECHAZADO,0.6903805137,163778
RECHAZADO,0.8381896615,163871
RECHAZADO,0.7707202435,163874
RECHAZADO,0.7767124772,163891
RECHAZADO,0.7837599516,164914
RECHAZADO,0.932122767,164919
RECHAZADO,0.7367751598,164921
RECHAZADO,0.178612873,165052
RECHAZADO,0.7638967037,164899
RECHAZADO,0.5423725247,164900
RECHAZADO,0.8629240394,164902
RECHAZADO,0.7727443576,164911
RECHAZADO,0.7320165038,165123
RECHAZADO,0.8804722428,164784
RECHAZADO,0.3441471159,157654
RECHAZADO,0.6281964779,164572
RECHAZADO,0.2205366492,164614
RECHAZADO,0.6975872517,164650
RECHAZADO,0.4974559247,164927
RECHAZADO,0.5735062361,165339
RECHAZADO,0.6306578517,164571
RECHAZADO,0.5945302844,164567
APROBADO,0.9971308112,165141
RECHAZADO,0.9210335016,165157
RECHAZADO,0.5331239104,165169
RECHAZADO,0.4662718773,165247
RECHAZADO,0.2369906455,165240
RECHAZADO,0.1440537125,165298
RECHAZADO,0.7507232428,165333
RECHAZADO,0.4042852223,165334
RECHAZADO,0.6156767607,165171
RECHAZADO,0.9182659388,165332
RECHAZADO,0.2994859815,165336
RECHAZADO,0.2828155458,165338
RECHAZADO,0.0908028781,165340
RECHAZADO,0.8685855269,165463
RECHAZADO,0.1203476116,165249
RECHAZADO,0.8554178476,165046
RECHAZADO,0.8042072058,165554
RECHAZADO,0.4065307677,165149
RECHAZADO,0.6299985051,163071
RECHAZADO,0.8939027786,165047
RECHAZADO,0.5921262503,165237
RECHAZADO,0.5667224526,165150
APROBADO,0.9651102424,165152
RECHAZADO,0.9301694036,165370
RECHAZADO,0.8386420012,165225
RECHAZADO,0.9229825139,165452
RECHAZADO,0.5517325401,165511
RECHAZADO,0.9141072035,165167
RECHAZADO,0.804604888,165366
RECHAZADO,0.7687835693,165372
RECHAZADO,0.9102162719,165373
RECHAZADO,0.7542161942,165427
RECHAZADO,0.66576159,165555
RECHAZADO,0.7106131911,165428
APROBADO,0.9637272954,165432
RECHAZADO,0.2923646271,164317
RECHAZADO,0.0728946328,163826
RECHAZADO,0.8786323667,164943
APROBADO,0.9529224634,164944
RECHAZADO,0.6958658695,164945
RECHAZADO,0.1964132637,164980
RECHAZADO,0.2163877785,165164
RECHAZADO,0.8379660249,165422
RECHAZADO,0.9264261127,163825
RECHAZADO,0.8872669935,165832
RECHAZADO,0.8704553843,165849
RECHAZADO,0.7802594304,165834
RECHAZADO,0.4859809875,162963
RECHAZADO,0.3730040193,164002
RECHAZADO,0.8372423053,164003
RECHAZADO,0.3892105222,165669
RECHAZADO,0.532977879,165665
RECHAZADO,0.6233156323,166122
RECHAZADO,0.7706618309,166121
RECHAZADO,0.9042030573,166134
RECHAZADO,0.9142121077,166204
RECHAZADO,0.915638864,165855
APROBADO,0.9447401166,165833
RECHAZADO,0.9314832091,166163
RECHAZADO,0.8052872419,166165
APROBADO,0.9748715758,163689
RECHAZADO,0.8772136569,163971
RECHAZADO,0.7752696276,166130
RECHAZADO,0.6698367596,166390
RECHAZADO,0.1330421716,166384
RECHAZADO,0.4924393594,166385
RECHAZADO,0.7131773829,166031
RECHAZADO,0.6914228797,166060
RECHAZADO,0.6042656302,166330
RECHAZADO,0.6087373495,166293
RECHAZADO,0.8900920153,166311
RECHAZADO,0.6121313572,166323
RECHAZADO,0.5202342868,166326
RECHAZADO,0.6090564132,166103
RECHAZADO,0.59493047,166474
APROBADO,0.9467273951,166176
RECHAZADO,0.6020010114,166209
RECHAZADO,0.6804307103,166490
RECHAZADO,0.8407679796,166175
RECHAZADO,0.9053223133,166203
RECHAZADO,0.88120085,166207
RECHAZADO,0.6938693523,166532
RECHAZADO,0.7212736011,166200
RECHAZADO,0.884213686,166201
RECHAZADO,0.3510470688,166202
APROBADO,0.990203619,166132
RECHAZADO,0.2759210169,166260
RECHAZADO,0.8160589933,166261
RECHAZADO,0.781146884,166262
APROBADO,0.9408911467,166263
RECHAZADO,0.4939048886,166264
RECHAZADO,0.606908083,166741
APROBADO,0.9548502564,166893
RECHAZADO,0.7184106112,167070
RECHAZADO,0.5222830772,167202
RECHAZADO,0.5542345047,166739
RECHAZADO,0.8841713071,166784
RECHAZADO,0.2762903273,166882
