Contrato,Anexo,Número de documento,Fecha Depósito,Fecha Aplicación,Monto de Seguro Asociado,Monto de Seguro Distribuidor,Tipo de Movimiento,Cuenta,paymentId
181794,N,153547,2024-04-08,2024-04-08,-206.0,0.0,1,PAYCASH,268949
18392,N,18392,2024-04-10,2024-04-11,-621.0,-35.0,1,BANCOMER,269328
105594,N,105594,2024-04-11,2024-04-11,-395.95,-37.0,1,BANCOMER,269476
49856,N,49856,2024-04-11,2024-04-11,-1694.85,-45.0,1,PAYCASH,269521
89922,N,89922,2024-04-12,2024-04-13,-408.0,-37.0,1,BANCOMER,269817
104226,N,104226,2024-04-12,2024-04-12,-711.0,-30.0,1,BANCOMER,269586
115206,N,115206,2024-04-12,2024-04-12,-322.0,-30.0,1,BANCOMER,269692
72316,N,72316,2024-04-12,2024-04-12,0.0,0.0,1,PAYCASH,269732
56519,N,56519,2024-04-13,2024-04-13,-90.0,-25.0,1,PAYCASH,269904
63612,N,63612,2024-04-13,2024-04-15,-45.0,-35.0,1,BANCOMER,270085
29193,N,29193,2024-04-13,2024-04-13,-453.0,-30.0,1,PAYCASH,269918
76537,N,76537,2024-04-13,2024-04-15,0.0,0.0,1,BANCOMER,270077
8408,N,8408,2024-04-13,2024-04-15,-409.0,-35.0,1,BANCOMER,270070
42476,N,42476,2024-04-13,2024-04-15,-558.0,-44.0,1,BANCOMER,270069
144578,N,144578,2024-04-13,2024-04-15,-730.0,-35.0,1,BANCOMER,270068
76487,N,76487,2024-04-14,2024-04-15,-583.0,-30.0,1,PAYCASH,269999
138904,N,138904,2024-04-14,2024-04-15,-637.0,-30.0,1,PAYCASH,269995
53049,N,53049,2024-04-14,2024-04-15,-89.99,-30.0,1,BANCOMER,270040
76890,N,76890,2024-04-14,2024-04-15,-514.0,-30.0,1,BANCOMER,270039
53722,N,53722,2024-04-14,2024-04-15,-45.0,-30.0,1,BANCOMER,270034
77025,N,77025,2024-04-14,2024-04-15,-345.99,-35.0,1,OXXO,270103
8082,N,8082,2024-04-14,2024-04-14,-1023.0,-40.0,1,PAYCASH,269943
11364,N,11364,2024-04-14,2024-04-15,-301.0,-40.0,1,BANCOMER,270027
42843,N,42843,2024-04-14,2024-04-14,-45.0,-25.0,1,PAYCASH,269950
18377,N,18377,2024-04-14,2024-04-14,-881.98,-52.0,1,PAYCASH,269955
48300,N,48300,2024-04-14,2024-04-14,-729.98,-35.0,1,PAYCASH,269957
8309,N,8309,2024-04-14,2024-04-15,-429.0,-30.0,1,OXXO,270092
2174,N,2174,2024-04-14,2024-04-15,-377.0,-35.0,1,OXXO,270106
21372,N,21372,2024-04-14,2024-04-15,-3061.87,-45.0,1,BANCOMER,270013
4064,N,4064,2024-04-14,2024-04-15,-403.0,-30.0,1,BANCOMER,270012
76453,N,76453,2024-04-15,2024-04-16,-474.0,-35.0,1,BANCOMER,270297
85363,N,85363,2024-04-15,2024-04-16,-147.0,-25.0,1,BANCOMER,270287
82161,N,82161,2024-04-15,2024-04-16,-90.0,-25.0,1,BANCOMER,270298
65871,N,65871,2024-04-15,2024-04-16,-350.0,-30.0,1,BANCOMER,270330
81565,N,81565,2024-04-15,2024-04-16,-192.0,-30.0,1,PAYCASH,270260
21882,N,21882,2024-04-15,2024-04-16,-372.0,-40.0,1,BANCOMER,270283
3481,N,3481,2024-04-15,2024-04-16,-403.0,-35.0,1,PAYCASH,270273
30153,N,30153,2024-04-15,2024-04-15,-408.0,-30.0,1,BANCOMER,270008
41954,N,41954,2024-04-15,2024-04-15,-1686.72,-45.0,1,BANCOMER,270006
49302,N,49302,2024-04-15,2024-04-15,-180.0,-25.0,1,PAYCASH,270121
84899,N,84899,2024-04-15,2024-04-15,-225.0,-30.0,1,BANCOMER,270163
178631,N,126185,2024-04-15,2024-04-16,-145.0,0.0,1,OXXO,270455
75457,N,75457,2024-04-15,2024-04-15,-519.0,-30.0,1,BANCOMER,270161
49352,N,49352,2024-04-15,2024-04-15,-624.94,-35.0,1,BANCOMER,270157
2564,N,2564,2024-04-15,2024-04-15,-507.0,-35.0,1,BANCOMER,270156
62770,N,62770,2024-04-15,2024-04-15,-182.0,-30.0,1,BANCOMER,270154
75387,N,75387,2024-04-15,2024-04-15,-339.0,-30.0,1,BANCOMER,270222
181794,N,153547,2024-04-15,2024-04-15,-206.0,0.0,1,PAYCASH,270148
5252,N,5252,2024-04-15,2024-04-15,-433.0,-30.0,1,BANCOMER,270208
6611,N,6611,2024-04-15,2024-04-15,-179.97,-40.0,1,BANCOMER,270205
184692,N,133107,2024-04-15,2024-04-15,-29.0,0.0,1,BANCOMER,270200
13330,N,13330,2024-04-15,2024-04-16,-159.0,-30.0,1,OXXO,270384
29963,N,29963,2024-04-15,2024-04-15,-327.0,-35.0,1,BANCOMER,270197
34117,N,34117,2024-04-15,2024-04-15,-670.0,-40.0,1,BANCOMER,270196
80127,N,80127,2024-04-15,2024-04-15,-436.0,-30.0,1,PAYCASH,270240
9530,N,9530,2024-04-15,2024-04-16,-142.0,-25.0,1,OXXO,270393
63842,N,63842,2024-04-15,2024-04-16,-159.0,-25.0,1,BANCOMER,270356
3690,N,3690,2024-04-15,2024-04-16,-391.0,-44.0,1,BANCOMER,270355
51256,N,51256,2024-04-15,2024-04-16,-171.0,-30.0,1,BANCOMER,270352
85209,N,85209,2024-04-15,2024-04-16,-1352.0,-40.0,1,BANCOMER,270348
87503,N,87503,2024-04-16,2024-04-17,-147.0,-25.0,1,BANCOMER,270633
70721,N,70721,2024-04-16,2024-04-17,-180.0,-35.0,1,BANCOMER,270650
37724,N,37724,2024-04-16,2024-04-17,-441.0,-40.0,1,PAYCASH,270601
176849,N,158625,2024-04-16,2024-04-17,-145.0,0.0,1,BANCOMER,270630
6857,N,6857,2024-04-16,2024-04-16,-45.0,-30.0,1,BANCOMER,270339
85147,N,85147,2024-04-16,2024-04-17,-464.0,-30.0,1,OXXO,270672
55544,N,55544,2024-04-16,2024-04-16,-135.0,-30.0,1,PAYCASH,270470
116,N,116,2024-04-16,2024-04-16,-45.0,0.0,1,PAYCASH,270472
74349,N,74349,2024-04-16,2024-04-16,-120.0,0.0,1,PAYCASH,270476
135239,N,135239,2024-04-16,2024-04-16,-430.0,-30.0,1,BANCOMER,270501
27460,N,27460,2024-04-16,2024-04-16,-90.0,-60.0,1,BANCOMER,270500
12288,N,12288,2024-04-16,2024-04-16,-313.0,-30.0,1,PAYCASH,270489
49058,N,49058,2024-04-16,2024-04-16,-135.0,-25.0,1,BANCOMER,270497
6728,N,6728,2024-04-16,2024-04-16,-225.0,-30.0,1,BANCOMER,270495
86296,N,86296,2024-04-16,2024-04-17,-142.0,-25.0,1,OXXO,270743
29969,N,29969,2024-04-16,2024-04-16,-441.0,-35.0,1,PAYCASH,270520
33382,N,33382,2024-04-16,2024-04-16,-965.0,-35.0,1,PAYCASH,270521
46684,N,46684,2024-04-16,2024-04-16,-755.85,-35.0,1,BANCOMER,270534
60157,N,60157,2024-04-16,2024-04-16,-338.99,-30.0,1,BANCOMER,270528
40991,N,40991,2024-04-16,2024-04-16,-255.95,-25.0,1,PAYCASH,270527
72495,N,72495,2024-04-16,2024-04-17,-198.0,-30.0,1,OXXO,270674
12168,N,12168,2024-04-16,2024-04-17,-372.0,-30.0,1,OXXO,270744
5728,N,5728,2024-04-16,2024-04-16,-180.0,0.0,1,PAYCASH,270558
13084,N,13084,2024-04-16,2024-04-16,-779.0,-40.0,1,PAYCASH,270569
5812,N,5812,2024-04-16,2024-04-16,-473.98,-30.0,1,PAYCASH,270571
81301,N,81301,2024-04-16,2024-04-16,-57.0,0.0,1,PAYCASH,270577
16661,N,16661,2024-04-16,2024-04-16,-45.0,0.0,1,PAYCASH,270578
39115,N,39115,2024-04-16,2024-04-16,-1464.0,-45.0,1,PAYCASH,270583
44385,N,44385,2024-04-16,2024-04-17,-453.0,-30.0,1,OXXO,270747
50065,N,50065,2024-04-16,2024-04-16,-102.0,-25.0,1,PAYCASH,270587
180242,N,150831,2024-04-16,2024-04-17,-212.98,0.0,1,OXXO,270724
8514,N,8514,2024-04-16,2024-04-17,-2123.96,-45.0,1,BANCOMER,270666
28347,N,28347,2024-04-16,2024-04-17,-57.0,-37.0,1,BANCOMER,270664
75965,N,75965,2024-04-17,2024-04-18,0.0,0.0,1,BANCOMER,270873
4913,N,4913,2024-04-17,2024-04-18,-687.0,-40.0,1,BANCOMER,270891
797,N,797,2024-04-17,2024-04-18,-1211.94,-45.0,1,PAYCASH,270868
92181,N,92181,2024-04-17,2024-04-17,-135.0,-30.0,1,PAYCASH,270667
73107,N,73107,2024-04-17,2024-04-17,-174.99,-25.0,1,PAYCASH,270668
176514,N,106672,2024-04-17,2024-04-18,-146.0,0.0,1,OXXO,270943
40991,N,40991,2024-04-17,2024-04-17,0.0,0.0,1,PAYCASH,270767
115814,N,115814,2024-04-17,2024-04-17,-490.97,-30.0,1,PAYCASH,270811
178620,N,148682,2024-04-17,2024-04-17,-29.0,0.0,1,PAYCASH,270825
182058,N,109795,2024-04-17,2024-04-17,-183.0,0.0,1,PAYCASH,270844
75219,N,75219,2024-04-17,2024-04-17,-739.0,-35.0,1,PAYCASH,270846
116,N,116,2024-04-17,2024-04-17,0.0,0.0,1,PAYCASH,270849
9465,N,9465,2024-04-17,2024-04-17,-351.0,-35.0,1,PAYCASH,270850
177269,N,126742,2024-04-17,2024-04-18,-174.0,0.0,1,OXXO,270935
177835,N,149164,2024-04-17,2024-04-18,-149.0,0.0,1,OXXO,270937
14188,N,14188,2024-04-17,2024-04-18,-1380.0,-45.0,1,BANCOMER,270900
45740,N,45740,2024-04-17,2024-04-18,-1854.96,-45.0,1,BANCOMER,270899
2737,N,2737,2024-04-17,2024-04-18,-270.0,-35.0,1,BANCOMER,270894
178381,N,111835,2024-04-18,2024-04-19,-148.0,0.0,1,BANCOMER,271071
175980,N,142428,2024-04-18,2024-04-19,-147.0,0.0,1,PAYCASH,271064
181026,N,130993,2024-04-18,2024-04-19,-145.0,0.0,1,BANCOMER,271077
71670,N,71670,2024-04-18,2024-04-18,-1934.98,-45.0,1,PAYCASH,270953
77157,N,77157,2024-04-18,2024-04-18,-167.98,-30.0,1,PAYCASH,270962
116,N,116,2024-04-18,2024-04-18,0.0,0.0,1,BANCOMER,270975
35175,N,35175,2024-04-18,2024-04-18,-45.0,0.0,1,BANCOMER,271030
176570,N,121900,2024-04-18,2024-04-18,-87.0,0.0,1,PAYCASH,271045
80202,N,80202,2024-04-19,2024-04-20,-90.0,-25.0,1,BANCOMER,271228
183697,N,159946,2024-04-19,2024-04-20,-252.0,0.0,1,BANCOMER,271237
73492,N,73492,2024-04-19,2024-04-20,-362.0,-30.0,1,BANCOMER,271226
179475,N,169333,2024-04-19,2024-04-19,-274.0,0.0,1,BANCOMER,271151
182112,N,104326,2024-04-19,2024-04-20,-174.0,0.0,1,OXXO,271295
182539,N,124442,2024-04-19,2024-04-20,-366.94,0.0,1,OXXO,271310
182428,N,130767,2024-04-19,2024-04-19,-182.0,0.0,1,PAYCASH,271145
177151,N,123021,2024-04-19,2024-04-19,-145.98,0.0,1,BANCOMER,271192
179746,N,130869,2024-04-19,2024-04-19,-160.0,0.0,1,PAYCASH,271171
183649,N,130165,2024-04-19,2024-04-20,-37.0,0.0,1,OXXO,271265
183318,N,103865,2024-04-19,2024-04-20,-184.0,0.0,1,OXXO,271297
184030,N,154436,2024-04-19,2024-04-19,-290.0,0.0,1,BANCOMER,271180
177508,N,113807,2024-04-19,2024-04-20,-148.99,0.0,1,OXXO,271256
182827,N,119521,2024-04-19,2024-04-20,-254.0,0.0,1,OXXO,271291
177157,N,176396,2024-04-19,2024-04-19,-174.0,0.0,1,PAYCASH,271209
181728,N,151678,2024-04-19,2024-04-20,-269.97,0.0,1,OXXO,271290
176762,N,107986,2024-04-19,2024-04-20,-146.0,0.0,1,BANCOMER,271249
182646,N,142945,2024-04-20,2024-04-20,-216.0,0.0,1,BANCOMER,271247
176104,N,166293,2024-04-20,2024-04-20,-174.0,0.0,1,PAYCASH,271322
83730,N,83730,2024-04-21,2024-04-22,-45.0,0.0,1,BANCOMER,271375
176081,N,144098,2024-04-21,2024-04-22,-145.98,0.0,1,OXXO,271390
177835,N,149164,2024-04-22,2024-04-23,0.0,0.0,1,PAYCASH,271485
183766,N,124208,2024-04-22,2024-04-23,-144.0,0.0,1,BANCOMER,271491
182664,N,142478,2024-04-22,2024-04-23,-217.0,0.0,1,BANCOMER,271486
40991,N,40991,2024-04-22,2024-04-23,0.0,0.0,1,PAYCASH,271481
176899,N,176800,2024-04-22,2024-04-22,-206.0,0.0,1,PAYCASH,271396
171152,N,119935,2024-04-22,2024-04-22,-30.0,0.0,1,BANCOMER,271425
180150,N,179802,2024-04-22,2024-04-23,-216.0,0.0,1,OXXO,271512
184193,N,124100,2024-04-22,2024-04-22,-180.0,0.0,1,PAYCASH,271404
177084,N,107161,2024-04-22,2024-04-23,-174.0,0.0,1,OXXO,271513
180694,N,126103,2024-04-22,2024-04-22,-174.0,0.0,1,PAYCASH,271406
177279,N,158705,2024-04-22,2024-04-22,-234.0,0.0,1,PAYCASH,271410
177685,N,108439,2024-04-22,2024-04-22,-210.0,0.0,1,BANCOMER,271417
12168,N,12168,2024-04-22,2024-04-22,0.0,0.0,1,PAYCASH,271431
181794,N,153547,2024-04-22,2024-04-22,-206.0,0.0,1,PAYCASH,271432
181102,N,162483,2024-04-22,2024-04-22,-261.0,0.0,1,BANCOMER,271453
182256,N,129850,2024-04-22,2024-04-23,-108.0,0.0,1,OXXO,271519
180268,N,120833,2024-04-22,2024-04-23,-174.0,0.0,1,OXXO,271518
53826,N,53826,2024-04-22,2024-04-22,-45.0,0.0,1,PAYCASH,271463
177841,N,150323,2024-04-22,2024-04-22,-116.98,0.0,1,PAYCASH,271465
179423,N,169575,2024-04-22,2024-04-22,-145.0,0.0,1,PAYCASH,271472
175505,N,121953,2024-04-22,2024-04-23,-145.0,0.0,1,OXXO,271535
179302,N,150184,2024-04-22,2024-04-23,-118.0,0.0,1,OXXO,271531
178046,N,160689,2024-04-22,2024-04-24,-145.0,0.0,1,OXXO,271732
177835,N,149164,2024-04-22,2024-04-23,0.0,0.0,1,OXXO,271575
176012,N,156616,2024-04-22,2024-04-23,-148.0,0.0,1,BANCOMER,271498
180705,N,180069,2024-04-23,2024-04-24,-166.0,0.0,1,BANCOMER,271691
176849,N,158625,2024-04-23,2024-04-24,0.0,0.0,1,BANCOMER,271686
181829,N,161089,2024-04-23,2024-04-24,-145.0,0.0,1,BANCOMER,271701
17601,N,17601,2024-04-23,2024-04-24,-45.0,0.0,1,BANCOMER,271696
176160,N,153516,2024-04-23,2024-04-24,-115.99,0.0,1,OXXO,271766
181533,N,102793,2024-04-23,2024-04-23,-255.0,0.0,1,PAYCASH,271506
176045,N,175898,2024-04-23,2024-04-24,-176.0,0.0,1,OXXO,271734
183016,N,113695,2024-04-23,2024-04-23,-208.97,0.0,1,PAYCASH,271586
181012,N,120023,2024-04-23,2024-04-24,-117.0,0.0,1,OXXO,271748
181477,N,161102,2024-04-23,2024-04-23,-300.97,0.0,1,PAYCASH,271605
179132,N,124922,2024-04-23,2024-04-24,-146.99,0.0,1,OXXO,271710
175665,N,154899,2024-04-23,2024-04-24,-150.0,0.0,1,OXXO,271770
182937,N,110507,2024-04-23,2024-04-23,-219.0,0.0,1,PAYCASH,271610
177364,N,122785,2024-04-23,2024-04-24,-88.0,0.0,1,OXXO,271753
174959,N,120239,2024-04-23,2024-04-24,-58.0,0.0,1,OXXO,271756
176160,N,153516,2024-04-23,2024-04-24,0.0,0.0,1,OXXO,271765
176829,N,116017,2024-04-23,2024-04-23,-177.0,0.0,1,PAYCASH,271642
180164,N,125140,2024-04-23,2024-04-23,-181.0,0.0,1,PAYCASH,271643
181159,N,144082,2024-04-23,2024-04-23,-145.0,0.0,1,PAYCASH,271645
182522,N,110949,2024-04-23,2024-04-23,-216.0,0.0,1,PAYCASH,271647
182228,N,134086,2024-04-23,2024-04-24,-148.0,0.0,1,OXXO,271744
176365,N,129838,2024-04-23,2024-04-24,-145.0,0.0,1,OXXO,271711
181329,N,154281,2024-04-24,2024-04-25,-180.0,0.0,1,PAYCASH,271880
177341,N,177399,2024-04-24,2024-04-25,-177.0,0.0,1,PAYCASH,271877
21047,N,21047,2024-04-24,2024-04-25,-90.0,-25.0,1,BANCOMER,271891
175947,N,166165,2024-04-24,2024-04-25,0.0,0.0,1,PAYCASH,271884
480,N,480,2024-04-24,2024-04-24,-90.0,0.0,1,PAYCASH,271709
175754,N,147791,2024-04-24,2024-04-25,0.0,0.0,1,OXXO,271940
72585,N,72585,2024-04-24,2024-04-24,-180.0,0.0,1,BANCOMER,271842
180777,N,100094,2024-04-24,2024-04-25,-290.99,0.0,1,OXXO,271959
175688,N,155513,2024-04-24,2024-04-24,-145.0,0.0,1,PAYCASH,271783
74111,N,74111,2024-04-24,2024-04-24,0.0,0.0,1,PAYCASH,271784
178686,N,148070,2024-04-24,2024-04-24,-145.0,0.0,1,BANCOMER,271835
181444,N,110337,2024-04-24,2024-04-24,-182.0,0.0,1,PAYCASH,271797
179080,N,148007,2024-04-24,2024-04-24,-87.0,0.0,1,PAYCASH,271798
181272,N,179324,2024-04-24,2024-04-25,-159.0,0.0,1,OXXO,271920
178965,N,143349,2024-04-24,2024-04-25,-202.36,0.0,1,OXXO,271950
177835,N,149164,2024-04-24,2024-04-25,0.0,0.0,1,OXXO,271967
8632,N,8632,2024-04-24,2024-04-24,0.0,0.0,1,BANCOMER,271816
180324,N,143048,2024-04-24,2024-04-25,-206.98,0.0,1,OXXO,271953
179192,N,137172,2024-04-24,2024-04-24,-147.0,0.0,1,PAYCASH,271812
180488,N,149448,2024-04-24,2024-04-24,-148.0,0.0,1,PAYCASH,271813
175772,N,133888,2024-04-24,2024-04-25,-145.0,0.0,1,OXXO,271954
178295,N,178133,2024-04-24,2024-04-24,-144.99,0.0,1,PAYCASH,271852
182710,N,134611,2024-04-24,2024-04-24,-220.98,0.0,1,PAYCASH,271855
179931,N,107117,2024-04-24,2024-04-25,-145.0,0.0,1,OXXO,271968
180942,N,161111,2024-04-24,2024-04-24,-152.0,0.0,1,PAYCASH,271864
184063,N,119778,2024-04-24,2024-04-24,-72.0,0.0,1,PAYCASH,271869
177525,N,178402,2024-04-24,2024-04-25,-145.0,0.0,1,OXXO,271932
177269,N,126742,2024-04-24,2024-04-25,0.0,0.0,1,OXXO,271955
178040,N,108975,2024-04-25,2024-04-26,-146.0,0.0,1,BANCOMER,272082
116,N,116,2024-04-25,2024-04-26,0.0,0.0,1,BANCOMER,272078
18392,N,18392,2024-04-25,2024-04-26,-621.0,-35.0,1,BANCOMER,272070
175419,N,175269,2024-04-25,2024-04-26,0.0,0.0,1,PAYCASH,272063
116,N,116,2024-04-25,2024-04-26,0.0,0.0,1,BANCOMER,272079
177269,N,126742,2024-04-25,2024-04-26,0.0,0.0,1,PAYCASH,272064
28109,N,28109,2024-04-25,2024-04-25,-45.0,0.0,1,BANCOMER,271902
176883,N,119122,2024-04-25,2024-04-26,-174.0,0.0,1,OXXO,272110
116,N,116,2024-04-25,2024-04-25,0.0,0.0,1,PAYCASH,271976
184103,N,142542,2024-04-25,2024-04-26,-180.0,0.0,1,OXXO,272102
116,N,116,2024-04-25,2024-04-25,0.0,0.0,1,BANCOMER,271981
180727,N,112831,2024-04-25,2024-04-26,-109.0,0.0,1,OXXO,272123
179861,N,179794,2024-04-25,2024-04-25,-181.0,0.0,1,PAYCASH,272010
183946,N,139963,2024-04-25,2024-04-25,-181.0,0.0,1,PAYCASH,272011
183851,N,144876,2024-04-25,2024-04-25,0.0,0.0,1,BANCOMER,272029
183851,N,144876,2024-04-25,2024-04-25,-222.0,0.0,1,BANCOMER,272027
179894,N,179903,2024-04-25,2024-04-25,-173.0,0.0,1,BANCOMER,272025
177572,N,131141,2024-04-25,2024-04-25,-177.0,0.0,1,PAYCASH,272017
176232,N,129403,2024-04-25,2024-04-26,-29.0,0.0,1,OXXO,272131
176514,N,106672,2024-04-25,2024-04-27,-146.0,0.0,1,OXXO,272307
176514,N,106672,2024-04-25,2024-04-27,0.0,0.0,1,OXXO,272308
179699,N,135219,2024-04-25,2024-04-25,-152.0,0.0,1,PAYCASH,272050
175227,N,135055,2024-04-25,2024-04-25,-176.0,0.0,1,PAYCASH,272051
176417,N,176387,2024-04-25,2024-04-26,-145.0,0.0,1,OXXO,272119
179372,N,148521,2024-04-25,2024-04-25,-149.0,0.0,1,PAYCASH,272053
183501,N,151561,2024-04-25,2024-04-25,-182.0,0.0,1,PAYCASH,272054
182058,N,109795,2024-04-25,2024-04-26,0.0,0.0,1,OXXO,272121
177269,N,126742,2024-04-25,2024-04-26,0.0,0.0,1,BANCOMER,272090
176762,N,107986,2024-04-26,2024-04-27,0.0,0.0,1,BANCOMER,272244
71670,N,71670,2024-04-26,2024-04-27,0.0,0.0,1,PAYCASH,272232
177151,N,123021,2024-04-26,2024-04-27,0.0,0.0,1,BANCOMER,272252
177508,N,113807,2024-04-26,2024-04-27,0.0,0.0,1,BANCOMER,272245
71670,N,71670,2024-04-26,2024-04-27,0.0,0.0,1,BANCOMER,272239
74111,N,74111,2024-04-26,2024-04-27,0.0,0.0,1,PAYCASH,272233
41954,N,41954,2024-04-26,2024-04-27,0.0,0.0,1,BANCOMER,272254
179475,N,169333,2024-04-26,2024-04-27,0.0,0.0,1,BANCOMER,272246
105594,N,105594,2024-04-26,2024-04-27,0.0,0.0,1,BANCOMER,272240
74111,N,74111,2024-04-26,2024-04-27,-1466.97,-45.0,1,PAYCASH,272234
183881,N,145452,2024-04-26,2024-04-27,-252.0,0.0,1,PAYCASH,272225
71670,N,71670,2024-04-26,2024-04-27,0.0,0.0,1,BANCOMER,272248
181728,N,151678,2024-04-26,2024-04-27,0.0,0.0,1,BANCOMER,272263
71670,N,71670,2024-04-26,2024-04-27,0.0,0.0,1,PAYCASH,272226
105594,N,105594,2024-04-26,2024-04-27,0.0,0.0,1,BANCOMER,272249
16720,N,16720,2024-04-26,2024-04-27,-510.0,-35.0,1,BANCOMER,272236
41954,N,41954,2024-04-26,2024-04-26,0.0,0.0,1,BANCOMER,272086
41954,N,41954,2024-04-26,2024-04-27,0.0,0.0,1,OXXO,272311
480,N,480,2024-04-26,2024-04-26,-180.0,0.0,1,BANCOMER,272085
41954,N,41954,2024-04-26,2024-04-27,0.0,0.0,1,OXXO,272343
177012,N,138910,2024-04-26,2024-04-26,0.0,0.0,1,PAYCASH,272058
183377,N,184095,2024-04-26,2024-04-26,-180.0,0.0,1,PAYCASH,272059
181147,N,153145,2024-04-26,2024-04-27,0.0,0.0,1,OXXO,272338
178445,N,110298,2024-04-26,2024-04-26,-147.0,0.0,1,PAYCASH,272060
105594,N,105594,2024-04-26,2024-04-26,0.0,0.0,1,BANCOMER,272168
184177,N,144368,2024-04-26,2024-04-26,-144.0,0.0,1,BANCOMER,272165
105594,N,105594,2024-04-26,2024-04-26,0.0,0.0,1,BANCOMER,272163
7308,N,7308,2024-04-26,2024-04-26,-90.0,0.0,1,RENOVACION ANT,272133
7308,N,7308,2024-04-26,2024-04-26,0.0,0.0,1,REMANENTE,272134
41954,N,41954,2024-04-26,2024-04-27,0.0,0.0,1,OXXO,272349
175348,N,139504,2024-04-26,2024-04-26,-116.0,0.0,1,PAYCASH,272138
75387,N,75387,2024-04-26,2024-04-26,-90.0,0.0,1,RENOVACION ANT,272136
75387,N,75387,2024-04-26,2024-04-26,0.0,0.0,1,REMANENTE,272137
178631,N,126185,2024-04-26,2024-04-27,-145.0,0.0,1,OXXO,272289
183669,N,133691,2024-04-26,2024-04-26,-292.0,0.0,1,PAYCASH,272142
8408,N,8408,2024-04-26,2024-04-26,0.0,0.0,1,BANCOMER,272156
8408,N,8408,2024-04-26,2024-04-26,0.0,0.0,1,BANCOMER,272155
177508,N,113807,2024-04-26,2024-04-27,0.0,0.0,1,OXXO,272273
183558,N,183552,2024-04-26,2024-04-26,-180.0,0.0,1,BANCOMER,272152
184622,N,149778,2024-04-26,2024-04-26,-108.0,0.0,1,PAYCASH,272144
72316,N,72316,2024-04-26,2024-04-26,0.0,0.0,1,PAYCASH,272145
177228,N,137245,2024-04-26,2024-04-27,-148.0,0.0,1,OXXO,272331
40312,N,40312,2024-04-26,2024-04-26,-223.18,0.0,1,PAYCASH,272173
177151,N,123021,2024-04-26,2024-04-27,0.0,0.0,1,OXXO,272300
185330,N,184944,2024-04-26,2024-04-26,-180.0,0.0,1,PAYCASH,272175
177353,N,127162,2024-04-26,2024-04-27,-174.0,0.0,1,OXXO,272291
65326,N,65326,2024-04-26,2024-04-26,-45.0,0.0,1,RENOVACION ANT,272169
65326,N,65326,2024-04-26,2024-04-26,0.0,0.0,1,REMANENTE,272170
4732,N,4732,2024-04-26,2024-04-26,0.0,0.0,1,REMANENTE,272172
4732,N,4732,2024-04-26,2024-04-26,-45.0,0.0,1,RENOVACION ANT,272171
71670,N,71670,2024-04-26,2024-04-26,0.0,0.0,1,BANCOMER,272203
185296,N,156091,2024-04-26,2024-04-27,-108.0,0.0,1,OXXO,272295
71670,N,71670,2024-04-26,2024-04-26,0.0,0.0,1,BANCOMER,272202
181768,N,118319,2024-04-26,2024-04-26,-178.0,0.0,1,PAYCASH,272183
179979,N,142220,2024-04-26,2024-04-26,-237.0,0.0,1,BANCOMER,272200
71670,N,71670,2024-04-26,2024-04-26,0.0,0.0,1,BANCOMER,272196
71670,N,71670,2024-04-26,2024-04-26,0.0,0.0,1,BANCOMER,272195
183318,N,103865,2024-04-26,2024-04-27,0.0,0.0,1,OXXO,272333
183016,N,113695,2024-04-26,2024-04-26,0.0,0.0,1,PAYCASH,272185
175419,N,175269,2024-04-26,2024-04-26,-176.0,0.0,1,PAYCASH,272188
77025,N,77025,2024-04-26,2024-04-29,0.0,0.0,1,OXXO,272417
181728,N,151678,2024-04-26,2024-04-27,0.0,0.0,1,OXXO,272299
176301,N,147637,2024-04-26,2024-04-26,-177.0,0.0,1,PAYCASH,272209
177508,N,113807,2024-04-26,2024-04-27,-148.99,0.0,1,OXXO,272339
183016,N,113695,2024-04-26,2024-04-27,-1.74,0.0,1,OXXO,272332
182539,N,124442,2024-04-26,2024-04-27,0.0,0.0,1,OXXO,272292
182539,N,124442,2024-04-26,2024-04-27,0.0,0.0,1,OXXO,272348
77025,N,77025,2024-04-26,2024-04-29,0.0,0.0,1,OXXO,272414
174811,N,125015,2024-04-26,2024-04-26,-203.0,0.0,1,PAYCASH,272212
71670,N,71670,2024-04-26,2024-04-26,0.0,0.0,1,PAYCASH,272214
183476,N,115084,2024-04-26,2024-04-26,-220.0,0.0,1,PAYCASH,272216
180242,N,150831,2024-04-26,2024-04-27,0.0,0.0,1,OXXO,272346
180242,N,150831,2024-04-26,2024-04-27,-212.99,0.0,1,OXXO,272347
71670,N,71670,2024-04-26,2024-04-26,0.0,0.0,1,PAYCASH,272221
183016,N,113695,2024-04-26,2024-04-26,-207.24,0.0,1,PAYCASH,272222
175348,N,139504,2024-04-26,2024-04-26,-116.0,0.0,1,GARANTIA,272223
175419,N,175269,2024-04-26,2024-04-26,-176.0,0.0,1,GARANTIA,272224
41954,N,41954,2024-04-26,2024-04-27,0.0,0.0,1,OXXO,272322
77025,N,77025,2024-04-26,2024-04-29,0.0,0.0,1,OXXO,272418
29969,N,29969,2024-04-27,2024-04-29,0.0,0.0,1,PAYCASH,272413
184874,N,153051,2024-04-27,2024-04-29,-180.0,0.0,1,OXXO,272442
41954,N,41954,2024-04-27,2024-04-27,0.0,0.0,1,BANCOMER,272270
184243,N,116809,2024-04-27,2024-04-29,0.0,0.0,1,BANCOMER,272556
77025,N,77025,2024-04-27,2024-04-29,0.0,0.0,1,OXXO,272419
184243,N,116809,2024-04-27,2024-04-27,-72.0,0.0,1,PAYCASH,272353
164326,N,120977,2024-04-27,2024-04-27,0.0,0.0,1,REFINANCIADO,272350
164326,N,120977,2024-04-27,2024-04-27,0.0,0.0,1,REFINANCIADO,272351
164326,N,120977,2024-04-27,2024-04-27,0.0,0.0,1,REFINANCIADO,272352
177727,N,115652,2024-04-27,2024-04-29,-148.0,0.0,1,OXXO,272420
71670,N,71670,2024-04-27,2024-04-27,0.0,0.0,1,PAYCASH,272355
176160,N,153516,2024-04-27,2024-04-29,-115.99,0.0,1,OXXO,272426
184695,N,164980,2024-04-27,2024-04-27,-252.0,0.0,1,PAYCASH,272362
175545,N,120186,2024-04-27,2024-04-27,-148.0,0.0,1,PAYCASH,272361
158323,N,126018,2024-04-27,2024-04-29,0.0,0.0,1,OXXO,272436
158323,N,126018,2024-04-27,2024-04-29,0.0,0.0,1,OXXO,272559
31465,N,31465,2024-04-27,2024-04-29,-45.0,-25.0,1,OXXO,272439
178295,N,178133,2024-04-27,2024-04-27,-1.16,0.0,1,PAYCASH,272368
175947,N,166165,2024-04-27,2024-04-27,0.0,0.0,1,PAYCASH,272372
41194,N,41194,2024-04-27,2024-04-27,-135.0,-30.0,1,PAYCASH,272374
49352,N,49352,2024-04-27,2024-04-29,0.0,0.0,1,BANCOMER,272543
71670,N,71670,2024-04-27,2024-04-27,0.0,0.0,1,PAYCASH,272378
49352,N,49352,2024-04-27,2024-04-29,0.0,0.0,1,BANCOMER,272541
175553,N,113741,2024-04-27,2024-04-29,0.0,0.0,1,OXXO,272470
175553,N,113741,2024-04-27,2024-04-29,-177.0,0.0,1,OXXO,272471
71670,N,71670,2024-04-27,2024-04-27,0.0,0.0,1,PAYCASH,272382
176160,N,153516,2024-04-27,2024-04-29,0.0,0.0,1,OXXO,272435
180488,N,149448,2024-04-27,2024-04-29,0.0,0.0,1,BANCOMER,272537
14188,N,14188,2024-04-27,2024-04-29,0.0,0.0,1,BANCOMER,272535
116,N,116,2024-04-28,2024-04-29,0.0,0.0,1,PAYCASH,272452
45740,N,45740,2024-04-28,2024-04-29,0.0,0.0,1,PAYCASH,272453
116,N,116,2024-04-28,2024-04-29,0.0,0.0,1,PAYCASH,272454
17601,N,17601,2024-04-28,2024-04-29,0.0,0.0,1,BANCOMER,272532
116,N,116,2024-04-28,2024-04-29,0.0,0.0,1,BANCOMER,272528
46684,N,46684,2024-04-28,2024-04-29,0.0,0.0,1,BANCOMER,272527
45740,N,45740,2024-04-28,2024-04-28,0.0,0.0,1,PAYCASH,272393
17601,N,17601,2024-04-28,2024-04-29,0.0,0.0,1,BANCOMER,272525
116,N,116,2024-04-28,2024-04-28,0.0,0.0,1,PAYCASH,272398
45740,N,45740,2024-04-28,2024-04-28,0.0,0.0,1,PAYCASH,272400
48300,N,48300,2024-04-28,2024-04-28,-11.52,0.0,1,PAYCASH,272402
4913,N,4913,2024-04-28,2024-04-29,0.0,0.0,1,OXXO,272472
45740,N,45740,2024-04-28,2024-04-28,0.0,0.0,1,PAYCASH,272404
18377,N,18377,2024-04-28,2024-04-28,0.0,0.0,1,PAYCASH,272405
73446,N,73446,2024-04-28,2024-04-29,-160.0,-15.5,1,BANCOMER,272522
184410,N,118439,2024-04-28,2024-04-29,-218.0,0.0,1,OXXO,272456
116,N,116,2024-04-28,2024-04-29,0.0,0.0,1,BANCOMER,272521
46684,N,46684,2024-04-28,2024-04-29,0.0,0.0,1,BANCOMER,272520
176472,N,105608,2024-04-28,2024-04-29,-146.0,0.0,1,BANCOMER,272517
21372,N,21372,2024-04-28,2024-04-29,0.0,0.0,1,BANCOMER,272516
21372,N,21372,2024-04-28,2024-04-29,0.0,0.0,1,BANCOMER,272515
480,N,480,2024-04-29,2024-04-30,0.0,0.0,1,BANCOMER,272803
45740,N,45740,2024-04-29,2024-04-30,0.0,0.0,1,PAYCASH,272748
175044,N,154045,2024-04-29,2024-04-30,-145.0,0.0,1,BANCOMER,272774
60176,N,60176,2024-04-29,2024-04-30,0.0,0.0,1,PAYCASH,272741
480,N,480,2024-04-29,2024-04-30,0.0,0.0,1,BANCOMER,272787
60176,N,60176,2024-04-29,2024-04-30,0.0,0.0,1,PAYCASH,272749
60176,N,60176,2024-04-29,2024-04-30,0.0,0.0,1,PAYCASH,272742
480,N,480,2024-04-29,2024-04-30,0.0,0.0,1,BANCOMER,272788
116,N,116,2024-04-29,2024-04-30,0.0,0.0,1,PAYCASH,272756
175947,N,166165,2024-04-29,2024-04-30,-173.98,0.0,1,PAYCASH,272763
116,N,116,2024-04-29,2024-04-30,0.0,0.0,1,PAYCASH,272757
116,N,116,2024-04-29,2024-04-30,0.0,0.0,1,BANCOMER,272784
480,N,480,2024-04-29,2024-04-30,0.0,0.0,1,PAYCASH,272751
177012,N,138910,2024-04-29,2024-04-30,0.0,0.0,1,BANCOMER,272777
35175,N,35175,2024-04-29,2024-04-30,0.0,0.0,1,BANCOMER,272798
181477,N,161102,2024-04-29,2024-04-30,0.0,0.0,1,PAYCASH,272745
35175,N,35175,2024-04-29,2024-04-30,0.0,0.0,1,BANCOMER,272771
17601,N,17601,2024-04-29,2024-04-30,0.0,0.0,1,PAYCASH,272758
480,N,480,2024-04-29,2024-04-30,0.0,0.0,1,BANCOMER,272785
17601,N,17601,2024-04-29,2024-04-30,0.0,0.0,1,BANCOMER,272779
480,N,480,2024-04-29,2024-04-30,0.0,0.0,1,BANCOMER,272802
175589,N,156404,2024-04-29,2024-04-30,-145.0,0.0,1,BANCOMER,272792
116,N,116,2024-04-29,2024-04-30,0.0,0.0,1,PAYCASH,272759
21372,N,21372,2024-04-29,2024-04-29,0.0,0.0,1,BANCOMER,272513
79882,N,79882,2024-04-29,2024-04-29,-90.0,0.0,1,BANCOMER,272512
116,N,116,2024-04-29,2024-04-29,0.0,0.0,1,PAYCASH,272407
116,N,116,2024-04-29,2024-04-29,0.0,0.0,1,PAYCASH,272410
46684,N,46684,2024-04-29,2024-04-29,-45.0,0.0,1,RENOVACION ANT,272408
46684,N,46684,2024-04-29,2024-04-29,0.0,0.0,1,REMANENTE,272409
116,N,116,2024-04-29,2024-04-29,0.0,0.0,1,BANCOMER,272509
116,N,116,2024-04-29,2024-04-29,0.0,0.0,1,BANCOMER,272507
116,N,116,2024-04-29,2024-04-29,0.0,0.0,1,BANCOMER,272506
116,N,116,2024-04-29,2024-04-29,0.0,0.0,1,BANCOMER,272505
116,N,116,2024-04-29,2024-04-29,0.0,0.0,1,BANCOMER,272504
17601,N,17601,2024-04-29,2024-04-29,0.0,0.0,1,BANCOMER,272502
185658,N,116387,2024-04-29,2024-04-29,-72.0,0.0,1,BANCOMER,272500
17601,N,17601,2024-04-29,2024-04-29,0.0,0.0,1,PAYCASH,272451
116,N,116,2024-04-29,2024-04-29,0.0,0.0,1,BANCOMER,272499
116,N,116,2024-04-29,2024-04-29,0.0,0.0,1,BANCOMER,272498
116,N,116,2024-04-29,2024-04-29,0.0,0.0,1,PAYCASH,272489
116,N,116,2024-04-29,2024-04-29,0.0,0.0,1,PAYCASH,272490
175900,N,155867,2024-04-29,2024-04-29,-145.0,0.0,1,GARANTIA,272481
177209,N,123105,2024-04-29,2024-04-29,-145.0,0.0,1,GARANTIA,272482
176135,N,156460,2024-04-29,2024-04-29,-145.0,0.0,1,GARANTIA,272485
184491,N,100481,2024-04-29,2024-04-29,0.0,0.0,1,BONIFICACION,272653
184164,N,151837,2024-04-29,2024-04-29,0.0,0.0,1,BONIFICACION,272645
182769,N,145297,2024-04-29,2024-04-29,0.0,0.0,1,BONIFICACION,272638
185989,N,114855,2024-04-29,2024-04-29,0.0,0.0,1,BONIFICACION,272661
185307,N,99332,2024-04-29,2024-04-29,0.0,0.0,1,BONIFICACION,272655
184480,N,117946,2024-04-29,2024-04-29,0.0,0.0,1,BONIFICACION,272639
184066,N,142578,2024-04-29,2024-04-29,0.0,0.0,1,BONIFICACION,272647
185035,N,185077,2024-04-29,2024-04-29,0.0,0.0,1,BONIFICACION,272648
184048,N,142763,2024-04-29,2024-04-29,0.0,0.0,1,BONIFICACION,272643
177279,N,158705,2024-04-29,2024-04-29,0.0,0.0,1,PAYCASH,272491
49352,N,49352,2024-04-29,2024-04-29,0.0,0.0,1,BANCOMER,272496
116,N,116,2024-04-29,2024-04-29,0.0,0.0,1,PAYCASH,272493
116,N,116,2024-04-29,2024-04-29,0.0,0.0,1,BANCOMER,272495
116,N,116,2024-04-29,2024-04-29,0.0,0.0,1,BANCOMER,272494
183016,N,113695,2024-04-29,2024-04-29,0.0,0.0,1,PAYCASH,272562
184149,N,104518,2024-04-29,2024-04-30,-74.0,0.0,1,OXXO,272913
40991,N,40991,2024-04-29,2024-04-29,0.0,0.0,1,PAYCASH,272564
49856,N,49856,2024-04-29,2024-04-29,-45.0,0.0,1,PAYCASH,272568
49856,N,49856,2024-04-29,2024-04-29,0.0,0.0,1,PAYCASH,272569
116,N,116,2024-04-29,2024-04-29,0.0,0.0,1,BANCOMER,272624
116,N,116,2024-04-29,2024-04-29,0.0,0.0,1,PAYCASH,272567
185721,N,150328,2024-04-29,2024-04-30,-30.0,0.0,1,OXXO,272875
116,N,116,2024-04-29,2024-04-29,0.0,0.0,1,BANCOMER,272622
45740,N,45740,2024-04-29,2024-04-29,0.0,0.0,1,PAYCASH,272570
39115,N,39115,2024-04-29,2024-04-29,-90.0,0.0,1,RENOVACION ANT,272560
39115,N,39115,2024-04-29,2024-04-29,0.0,0.0,1,REMANENTE,272561
116,N,116,2024-04-29,2024-04-29,0.0,0.0,1,PAYCASH,272572
116,N,116,2024-04-29,2024-04-29,0.0,0.0,1,BANCOMER,272618
35175,N,35175,2024-04-29,2024-04-29,0.0,0.0,1,BANCOMER,272617
17601,N,17601,2024-04-29,2024-04-29,0.0,0.0,1,PAYCASH,272578
35175,N,35175,2024-04-29,2024-04-29,0.0,0.0,1,BANCOMER,272615
35175,N,35175,2024-04-29,2024-04-29,0.0,0.0,1,BANCOMER,272614
116,N,116,2024-04-29,2024-04-29,0.0,0.0,1,PAYCASH,272580
480,N,480,2024-04-29,2024-04-29,0.0,0.0,1,PAYCASH,272581
17601,N,17601,2024-04-29,2024-04-29,0.0,0.0,1,BANCOMER,272613
17601,N,17601,2024-04-29,2024-04-29,0.0,0.0,1,BANCOMER,272612
75965,N,75965,2024-04-29,2024-04-29,-90.0,0.0,1,RENOVACION ANT,272574
75965,N,75965,2024-04-29,2024-04-29,0.0,0.0,1,REMANENTE,272575
144578,N,144578,2024-04-29,2024-04-29,0.0,0.0,1,REMANENTE,272577
144578,N,144578,2024-04-29,2024-04-29,-90.0,0.0,1,RENOVACION ANT,272576
17601,N,17601,2024-04-29,2024-04-29,0.0,0.0,1,BANCOMER,272609
35175,N,35175,2024-04-29,2024-04-29,0.0,0.0,1,BANCOMER,272608
17601,N,17601,2024-04-29,2024-04-29,0.0,0.0,1,BANCOMER,272607
116,N,116,2024-04-29,2024-04-29,0.0,0.0,1,BANCOMER,272606
177012,N,138910,2024-04-29,2024-04-29,-208.0,0.0,1,BANCOMER,272605
180126,N,176982,2024-04-29,2024-04-29,-180.0,0.0,1,PAYCASH,272584
116,N,116,2024-04-29,2024-04-29,0.0,0.0,1,PAYCASH,272587
17601,N,17601,2024-04-29,2024-04-29,0.0,0.0,1,BANCOMER,272603
116,N,116,2024-04-29,2024-04-29,0.0,0.0,1,PAYCASH,272586
181860,N,145971,2024-04-29,2024-04-30,-145.0,0.0,1,OXXO,272841
17601,N,17601,2024-04-29,2024-04-29,0.0,0.0,1,BANCOMER,272602
116,N,116,2024-04-29,2024-04-29,0.0,0.0,1,BANCOMER,272601
17601,N,17601,2024-04-29,2024-04-29,-2592.62,-45.0,1,PAYCASH,272588
53049,N,53049,2024-04-29,2024-04-29,0.0,0.0,1,BANCOMER,272600
2174,N,2174,2024-04-29,2024-04-30,0.0,0.0,1,OXXO,272855
116,N,116,2024-04-29,2024-04-29,0.0,0.0,1,PAYCASH,272590
116,N,116,2024-04-29,2024-04-29,0.0,0.0,1,PAYCASH,272592
27460,N,27460,2024-04-29,2024-04-29,0.0,0.0,1,REMANENTE,272583
27460,N,27460,2024-04-29,2024-04-29,-90.0,0.0,1,RENOVACION ANT,272582
178070,N,142574,2024-04-29,2024-04-29,-145.0,0.0,1,BANCOMER,272599
176508,N,157439,2024-04-29,2024-04-30,-87.0,0.0,1,OXXO,272910
116,N,116,2024-04-29,2024-04-29,0.0,0.0,1,PAYCASH,272626
116,N,116,2024-04-29,2024-04-29,0.0,0.0,1,BANCOMER,272598
116,N,116,2024-04-29,2024-04-29,0.0,0.0,1,BANCOMER,272597
116,N,116,2024-04-29,2024-04-29,0.0,0.0,1,PAYCASH,272627
116,N,116,2024-04-29,2024-04-29,0.0,0.0,1,BANCOMER,272594
480,N,480,2024-04-29,2024-04-30,0.0,0.0,1,OXXO,272922
116,N,116,2024-04-29,2024-04-29,0.0,0.0,1,PAYCASH,272628
116,N,116,2024-04-29,2024-04-29,0.0,0.0,1,BANCOMER,272706
85209,N,85209,2024-04-29,2024-04-29,-45.0,0.0,1,BANCOMER,272705
72586,N,72586,2024-04-29,2024-04-29,-225.0,-25.0,1,BANCOMER,272703
116,N,116,2024-04-29,2024-04-29,0.0,0.0,1,PAYCASH,272633
116,N,116,2024-04-29,2024-04-29,0.0,0.0,1,PAYCASH,272636
45740,N,45740,2024-04-29,2024-04-29,0.0,0.0,1,PAYCASH,272666
35175,N,35175,2024-04-29,2024-04-30,0.0,0.0,1,BANCOMER,273042
175514,N,143333,2024-04-29,2024-04-29,-118.0,0.0,1,PAYCASH,272667
116,N,116,2024-04-29,2024-04-29,0.0,0.0,1,PAYCASH,272668
116,N,116,2024-04-29,2024-04-29,0.0,0.0,1,BANCOMER,272699
50065,N,50065,2024-04-29,2024-04-30,0.0,0.0,1,OXXO,272861
183277,N,143575,2024-04-29,2024-04-29,-253.0,0.0,1,PAYCASH,272669
35175,N,35175,2024-04-29,2024-04-29,0.0,0.0,1,BANCOMER,272697
116,N,116,2024-04-29,2024-04-29,0.0,0.0,1,BANCOMER,272693
116,N,116,2024-04-29,2024-04-29,0.0,0.0,1,PAYCASH,272674
35175,N,35175,2024-04-29,2024-04-29,0.0,0.0,1,BANCOMER,272692
2564,N,2564,2024-04-29,2024-04-29,0.0,0.0,1,BANCOMER,272691
2564,N,2564,2024-04-29,2024-04-29,-563.98,-35.0,1,BANCOMER,272689
116,N,116,2024-04-29,2024-04-29,0.0,0.0,1,BANCOMER,272688
480,N,480,2024-04-29,2024-04-29,0.0,0.0,1,BANCOMER,272687
116,N,116,2024-04-29,2024-04-29,0.0,0.0,1,BANCOMER,272686
177709,N,105429,2024-04-29,2024-04-29,-117.0,0.0,1,BANCOMER,272684
480,N,480,2024-04-29,2024-04-30,0.0,0.0,1,OXXO,272902
164326,N,120977,2024-04-29,2024-04-29,0.0,0.0,1,REFINANCIADO,272670
180488,N,149448,2024-04-29,2024-04-30,0.0,0.0,1,OXXO,272854
71670,N,71670,2024-04-29,2024-04-29,0.0,0.0,1,PAYCASH,272707
184703,N,122982,2024-04-29,2024-04-30,-5.9,0.0,1,OXXO,272916
184703,N,122982,2024-04-29,2024-04-30,-318.1,0.0,1,OXXO,272917
175080,N,135826,2024-04-29,2024-04-30,-145.0,0.0,1,OXXO,272864
45740,N,45740,2024-04-29,2024-04-29,0.0,0.0,1,PAYCASH,272715
176514,N,106672,2024-04-29,2024-04-29,-61.0,0.0,1,PAYCASH,272716
141411,N,141411,2024-04-29,2024-04-29,-548.0,-30.0,1,PAYCASH,272720
180677,N,129839,2024-04-29,2024-04-29,-181.0,0.0,1,PAYCASH,272722
177279,N,158705,2024-04-29,2024-04-29,-233.99,0.0,1,PAYCASH,272723
175514,N,143333,2024-04-29,2024-04-29,-118.0,0.0,1,GARANTIA,272729
175553,N,113741,2024-04-29,2024-04-29,-177.0,0.0,1,GARANTIA,272730
175580,N,101149,2024-04-29,2024-04-29,-87.0,0.0,1,GARANTIA,272731
177980,N,160653,2024-04-29,2024-04-30,-145.0,0.0,1,OXXO,272886
5728,N,5728,2024-04-30,2024-05-01,0.0,0.0,1,PAYCASH,273204
14164,N,14164,2024-04-30,2024-05-01,0.0,0.0,1,PAYCASH,273199
46684,N,46684,2024-04-30,2024-05-01,0.0,0.0,1,BANCOMER,273224
146915,N,146915,2024-04-30,2024-05-01,-270.0,-30.0,1,BANCOMER,273213
177467,N,106655,2024-04-30,2024-05-01,-207.0,0.0,1,BANCOMER,273225
40991,N,40991,2024-04-30,2024-05-01,0.0,0.0,1,PAYCASH,273189
5728,N,5728,2024-04-30,2024-05-01,0.0,0.0,1,PAYCASH,273201
28109,N,28109,2024-04-30,2024-05-01,0.0,0.0,1,BANCOMER,273218
5728,N,5728,2024-04-30,2024-05-01,0.0,0.0,1,PAYCASH,273202
16661,N,16661,2024-04-30,2024-05-01,0.0,0.0,1,PAYCASH,273192
184692,N,133107,2024-04-30,2024-05-01,-29.0,0.0,1,BANCOMER,273220
45740,N,45740,2024-04-30,2024-05-01,0.0,0.0,1,PAYCASH,273183
5728,N,5728,2024-04-30,2024-05-01,0.0,0.0,1,PAYCASH,273203
178754,N,151802,2024-04-30,2024-05-01,-145.0,0.0,1,PAYCASH,273185
182437,N,151654,2024-04-30,2024-05-01,0.0,0.0,1,BANCOMER,273210
104226,N,104226,2024-04-30,2024-04-30,-45.0,0.0,1,RENOVACION ANT,272733
104226,N,104226,2024-04-30,2024-04-30,0.0,0.0,1,REMANENTE,272734
90471,N,90471,2024-04-30,2024-04-30,0.0,0.0,1,BANCOMER,272808
83378,N,83378,2024-04-30,2024-04-30,0.0,0.0,1,BANCOMER,272807
8632,N,8632,2024-04-30,2024-04-30,0.0,0.0,1,PAYCASH,272836
14188,N,14188,2024-04-30,2024-04-30,-90.0,0.0,1,RENOVACION ANT,272834
14188,N,14188,2024-04-30,2024-04-30,0.0,0.0,1,REMANENTE,272835
16720,N,16720,2024-04-30,2024-04-30,-45.0,0.0,1,PAYCASH,272837
180031,N,163926,2024-04-30,2024-05-01,-252.0,0.0,1,OXXO,273367
179132,N,124922,2024-04-30,2024-05-01,0.0,0.0,1,OXXO,273345
45740,N,45740,2024-04-30,2024-04-30,0.0,0.0,1,PAYCASH,272943
164326,N,120977,2024-04-30,2024-04-30,0.0,0.0,1,REFINANCIADO,272936
104226,N,104226,2024-04-30,2024-04-30,0.0,0.0,1,REMANENTE,272938
104226,N,104226,2024-04-30,2024-04-30,-45.0,0.0,1,RENOVACION ANT,272937
14188,N,14188,2024-04-30,2024-04-30,-90.0,0.0,1,RENOVACION ANT,272939
14188,N,14188,2024-04-30,2024-04-30,0.0,0.0,1,REMANENTE,272940
46684,N,46684,2024-04-30,2024-04-30,0.0,0.0,1,BANCOMER,273006
480,N,480,2024-04-30,2024-04-30,0.0,0.0,1,BANCOMER,273003
79882,N,79882,2024-04-30,2024-04-30,0.0,0.0,1,BANCOMER,273002
21372,N,21372,2024-04-30,2024-04-30,-45.0,0.0,1,RENOVACION ANT,272946
21372,N,21372,2024-04-30,2024-04-30,0.0,0.0,1,REMANENTE,272947
14188,N,14188,2024-04-30,2024-04-30,0.0,0.0,1,BANCOMER,272994
81301,N,81301,2024-04-30,2024-04-30,0.0,0.0,1,PAYCASH,272972
138904,N,138904,2024-04-30,2024-04-30,-80.0,0.0,1,PAYCASH,272970
79882,N,79882,2024-04-30,2024-04-30,0.0,0.0,1,BANCOMER,272991
175947,N,166165,2024-04-30,2024-04-30,0.0,0.0,1,PAYCASH,272973
480,N,480,2024-04-30,2024-04-30,-1294.92,-45.0,1,PAYCASH,272974
176104,N,166293,2024-04-30,2024-04-30,0.0,0.0,1,PAYCASH,273032
46684,N,46684,2024-04-30,2024-04-30,0.0,0.0,1,BANCOMER,273081
21372,N,21372,2024-04-30,2024-04-30,0.0,0.0,1,REMANENTE,273023
21372,N,21372,2024-04-30,2024-04-30,-45.0,0.0,1,RENOVACION ANT,273022
21372,N,21372,2024-04-30,2024-04-30,-90.0,0.0,1,RENOVACION ANT,273024
21372,N,21372,2024-04-30,2024-04-30,0.0,0.0,1,REMANENTE,273025
21372,N,21372,2024-04-30,2024-04-30,0.0,0.0,1,REMANENTE,273027
14188,N,14188,2024-04-30,2024-04-30,-90.0,0.0,1,RENOVACION ANT,273028
14188,N,14188,2024-04-30,2024-04-30,0.0,0.0,1,REMANENTE,273029
175665,N,154899,2024-04-30,2024-05-01,0.0,0.0,1,OXXO,273321
176405,N,114752,2024-04-30,2024-05-01,-145.0,0.0,1,OXXO,273261
46684,N,46684,2024-04-30,2024-04-30,0.0,0.0,1,BANCOMER,273077
178013,N,156213,2024-04-30,2024-05-01,-176.0,0.0,1,OXXO,273300
180488,N,149448,2024-04-30,2024-04-30,0.0,0.0,1,PAYCASH,273039
177973,N,138470,2024-04-30,2024-04-30,-179.0,0.0,1,BANCOMER,273073
176486,N,100273,2024-04-30,2024-05-01,-58.0,0.0,1,OXXO,273258
14188,N,14188,2024-04-30,2024-04-30,-90.0,0.0,1,RENOVACION ANT,273037
14188,N,14188,2024-04-30,2024-04-30,0.0,0.0,1,REMANENTE,273038
176849,N,158625,2024-04-30,2024-04-30,0.0,0.0,1,BANCOMER,273069
79882,N,79882,2024-04-30,2024-04-30,-454.99,-40.0,1,BANCOMER,273068
43535,N,43535,2024-04-30,2024-05-01,0.0,0.0,1,OXXO,273288
175872,N,126145,2024-04-30,2024-04-30,-83.0,0.0,1,BANCOMER,273061
46684,N,46684,2024-04-30,2024-04-30,0.0,0.0,1,BANCOMER,273059
175872,N,126145,2024-04-30,2024-04-30,-4.0,0.0,1,BANCOMER,273058
177515,N,176947,2024-04-30,2024-05-01,-233.0,0.0,1,OXXO,273256
45740,N,45740,2024-04-30,2024-04-30,0.0,0.0,1,PAYCASH,273097
184291,N,132446,2024-04-30,2024-04-30,-180.0,0.0,1,BANCOMER,273053
177657,N,102882,2024-04-30,2024-04-30,0.0,0.0,1,PAYCASH,273101
177657,N,102882,2024-04-30,2024-04-30,-179.0,0.0,1,PAYCASH,273102
181829,N,161089,2024-04-30,2024-04-30,0.0,0.0,1,BANCOMER,273178
4913,N,4913,2024-04-30,2024-04-30,-45.0,0.0,1,RENOVACION ANT,273084
4913,N,4913,2024-04-30,2024-04-30,0.0,0.0,1,REMANENTE,273085
8514,N,8514,2024-04-30,2024-04-30,0.0,0.0,1,BANCOMER,273176
8514,N,8514,2024-04-30,2024-04-30,0.0,0.0,1,BANCOMER,273174
175754,N,147791,2024-04-30,2024-05-01,-145.0,0.0,1,OXXO,273331
16724,N,16724,2024-04-30,2024-04-30,0.0,0.0,1,BANCOMER,273168
74349,N,74349,2024-04-30,2024-04-30,0.0,0.0,1,PAYCASH,273108
175844,N,155394,2024-04-30,2024-04-30,-145.0,0.0,1,PAYCASH,273111
50065,N,50065,2024-04-30,2024-05-01,0.0,0.0,1,OXXO,273301
182937,N,110507,2024-04-30,2024-05-01,-64.18,0.0,1,OXXO,273341
29968,N,29968,2024-04-30,2024-04-30,-289.0,-30.0,1,BANCOMER,273151
182228,N,134086,2024-04-30,2024-05-01,0.0,0.0,1,OXXO,273325
175963,N,105031,2024-04-30,2024-04-30,-208.0,0.0,1,BANCOMER,273144
8632,N,8632,2024-04-30,2024-05-01,0.0,0.0,1,OXXO,273285
49352,N,49352,2024-04-30,2024-04-30,0.0,0.0,1,BANCOMER,273140
2722,N,2722,2024-04-30,2024-04-30,0.0,0.0,1,BANCOMER,273138
175872,N,126145,2024-04-30,2024-04-30,-87.0,0.0,1,GARANTIA,273123
175080,N,135826,2024-04-30,2024-04-30,-145.0,0.0,1,GARANTIA,273118
175505,N,121953,2024-04-30,2024-04-30,-145.0,0.0,1,GARANTIA,273120
175589,N,156404,2024-04-30,2024-04-30,-145.0,0.0,1,GARANTIA,273121
175844,N,155394,2024-04-30,2024-04-30,-145.0,0.0,1,GARANTIA,273122
175000,N,165463,2024-04-30,2024-04-30,-147.0,0.0,1,GARANTIA,273117
40312,N,40312,2024-04-30,2024-04-30,-275.8,-30.0,1,BANCOMER,273133
182437,N,151654,2024-04-30,2024-04-30,-216.0,0.0,1,BANCOMER,273132
60176,N,60176,2024-04-30,2024-05-01,0.0,0.0,1,OXXO,273320
8632,N,8632,2024-04-30,2024-04-30,0.0,0.0,1,BANCOMER,273131
60176,N,60176,2024-04-30,2024-04-30,-2421.9,-45.0,1,BANCOMER,273127
75457,N,75457,2024-04-30,2024-05-01,0.0,0.0,1,BANCOMER,273238
92082,N,92082,2024-04-30,2024-05-01,-523.0,-30.0,1,BANCOMER,273234
175440,N,123912,2024-05-01,2024-05-02,-176.0,0.0,1,PAYCASH,273417
16661,N,16661,2024-05-01,2024-05-02,0.0,0.0,1,PAYCASH,273402
180663,N,118777,2024-05-01,2024-05-02,-281.0,0.0,1,PAYCASH,273418
45740,N,45740,2024-05-01,2024-05-02,0.0,0.0,1,PAYCASH,273435
45740,N,45740,2024-05-01,2024-05-02,0.0,0.0,1,PAYCASH,273381
57320,N,57320,2024-05-01,2024-05-02,0.0,0.0,1,PAYCASH,273423
179192,N,137172,2024-05-01,2024-05-02,0.0,0.0,1,PAYCASH,273406
182710,N,134611,2024-05-01,2024-05-02,0.0,0.0,1,PAYCASH,273438
45740,N,45740,2024-05-01,2024-05-02,0.0,0.0,1,PAYCASH,273384
184762,N,111368,2024-05-01,2024-05-02,-216.0,0.0,1,PAYCASH,273409
180296,N,150647,2024-05-01,2024-05-02,-160.0,0.0,1,PAYCASH,273440
175925,N,130209,2024-05-01,2024-05-02,-147.0,0.0,1,PAYCASH,273388
57320,N,57320,2024-05-01,2024-05-02,0.0,0.0,1,PAYCASH,273400
797,N,797,2024-05-01,2024-05-02,0.0,0.0,1,PAYCASH,273431
183906,N,130055,2024-05-01,2024-05-02,-72.0,0.0,1,OXXO,273450
12168,N,12168,2024-05-01,2024-05-02,-281.96,-30.0,1,OXXO,273465
180242,N,150831,2024-05-01,2024-05-02,0.0,0.0,1,OXXO,273475
46684,N,46684,2024-05-01,2024-05-02,0.0,0.0,1,BANCOMER,273560
46684,N,46684,2024-05-01,2024-05-02,0.0,0.0,1,BANCOMER,273548
46684,N,46684,2024-05-01,2024-05-02,0.0,0.0,1,BANCOMER,273547
186093,N,183876,2024-05-01,2024-05-02,-180.0,0.0,1,OXXO,273447
38829,N,38829,2024-05-01,2024-05-02,-244.0,-25.0,1,BANCOMER,273539
184066,N,142578,2024-05-01,2024-05-02,0.0,0.0,1,OXXO,273448
176045,N,175898,2024-05-01,2024-05-01,-176.0,0.0,1,GARANTIA,273371
175665,N,154899,2024-05-01,2024-05-01,-150.0,0.0,1,GARANTIA,273368
175754,N,147791,2024-05-01,2024-05-01,-145.0,0.0,1,GARANTIA,273369
175963,N,105031,2024-05-01,2024-05-01,-208.0,0.0,1,GARANTIA,273370
8514,N,8514,2024-05-01,2024-05-02,0.0,0.0,1,BANCOMER,273527
4913,N,4913,2024-05-01,2024-05-02,0.0,0.0,1,BANCOMER,273525
180282,N,150331,2024-05-01,2024-05-02,-145.0,0.0,1,BANCOMER,273522
5728,N,5728,2024-05-02,2024-05-02,-90.0,0.0,1,RENOVACION ANT,273372
5728,N,5728,2024-05-02,2024-05-02,0.0,0.0,1,REMANENTE,273373
5728,N,5728,2024-05-02,2024-05-02,-90.0,0.0,1,RENOVACION ANT,273376
5728,N,5728,2024-05-02,2024-05-02,0.0,0.0,1,REMANENTE,273377
75965,N,75965,2024-05-02,2024-05-02,-33.0,0.0,1,RENOVACION ANT,273570
75965,N,75965,2024-05-02,2024-05-02,0.0,0.0,1,REMANENTE,273571
74349,N,74349,2024-05-02,2024-05-02,-90.0,0.0,1,RENOVACION ANT,273574
74349,N,74349,2024-05-02,2024-05-02,0.0,0.0,1,REMANENTE,273575
41954,N,41954,2024-05-02,2024-05-02,0.0,0.0,1,REMANENTE,273577
41954,N,41954,2024-05-02,2024-05-02,-45.0,0.0,1,RENOVACION ANT,273576
2036,N,2036,2024-05-02,2024-05-02,-90.0,0.0,1,RENOVACION ANT,273578
2036,N,2036,2024-05-02,2024-05-02,0.0,0.0,1,REMANENTE,273579
177454,N,122875,2024-05-02,2024-05-02,0.0,0.0,1,BANCOMER,273592
177454,N,122875,2024-05-02,2024-05-02,0.0,0.0,1,BANCOMER,273591
177454,N,122875,2024-05-02,2024-05-02,0.0,0.0,1,BANCOMER,273590
177454,N,122875,2024-05-02,2024-05-02,0.0,0.0,1,BANCOMER,273589
177454,N,122875,2024-05-02,2024-05-02,-26.01,0.0,1,BANCOMER,273588
178737,N,148536,2024-05-02,2024-05-02,-30.0,0.0,1,BANCOMER,273632
181768,N,118319,2024-05-02,2024-05-02,-178.0,0.0,1,PAYCASH,273658
80196,N,80196,2024-05-02,2024-05-02,-147.0,-25.0,1,BANCOMER,273620
182478,N,182487,2024-05-02,2024-05-02,-181.0,0.0,1,PAYCASH,273659
179030,N,147476,2024-05-02,2024-05-02,-58.0,0.0,1,BANCOMER,273606
175348,N,139504,2024-05-02,2024-05-02,-116.0,0.0,1,PAYCASH,273667
35175,N,35175,2024-05-02,2024-05-02,-90.0,0.0,1,RENOVACION ANT,273599
35175,N,35175,2024-05-02,2024-05-02,0.0,0.0,1,REMANENTE,273600
60157,N,60157,2024-05-02,2024-05-02,-90.0,0.0,1,RENOVACION ANT,273601
60157,N,60157,2024-05-02,2024-05-02,0.0,0.0,1,REMANENTE,273602
797,N,797,2024-05-02,2024-05-02,-45.0,0.0,1,RENOVACION ANT,273603
797,N,797,2024-05-02,2024-05-02,0.0,0.0,1,REMANENTE,273604
175419,N,175269,2024-05-02,2024-05-02,-176.0,0.0,1,PAYCASH,273697
175925,N,130209,2024-05-02,2024-05-02,-147.0,0.0,1,GARANTIA,273692
175440,N,123912,2024-05-02,2024-05-02,-176.0,0.0,1,GARANTIA,273689
175688,N,155513,2024-05-02,2024-05-02,-145.0,0.0,1,GARANTIA,273690
175772,N,133888,2024-05-02,2024-05-02,-145.0,0.0,1,GARANTIA,273691
