label,approval_score,applicant_id,sucursal,flag_sucursal_riesgo,grupo_riesgo_final,tasa_perdida,inf_obs
3,0.5263560766,145442,GRUPO_1,NO,3,8.34,N/A
3,0.5611956871,145444,GRUPO_1,NO,3,8.34,N/A
3,0.6289731535,157169,GRUPO_4,SI,3,8.34,N/A
4,0.5663305985,157171,GRUPO_4,SI,4,13.97,N/A
4,0.5903663342,157178,GRUPO_4,SI,4,13.97,N/A
3,0.6208426316,157185,GRUPO_4,SI,3,8.34,N/A
4,0.5169178686,157188,GRUPO_4,SI,4,13.97,N/A
3,0.6389762663,157189,GRUPO_4,SI,3,8.34,N/A
3,0.6718627545,157194,GRUPO_4,SI,3,8.34,N/A
4,0.5905373474,157198,GRUPO_4,SI,4,13.97,N/A
2,0.7120239677,157201,GRUPO_4,SI,2,6.32,N/A
3,0.6961661394,157204,GRUPO_4,SI,3,8.34,N/A
4,0.5840412763,147364,GRUPO_4,SI,4,13.97,N/A
2,0.7120239677,147481,GRUPO_4,SI,2,6.32,N/A
4,0.5510663975,147486,GRUPO_4,SI,4,13.97,N/A
4,0.5840412763,147490,GRUPO_4,SI,4,13.97,N/A
2,0.677919497,153407,GRUPO_5,NO,2,6.32,N/A
3,0.5242626476,153409,GRUPO_5,NO,3,8.34,N/A
3,0.5544542869,153432,GRUPO_5,NO,3,8.34,N/A
5,0.4855261784,153820,GRUPO_2,SI,5,14.2,N/A
5,0.4768666981,153821,GRUPO_2,SI,5,14.2,N/A
6,0.41183098,154057,GRUPO_2,SI,6,23.86,N/A
5,0.4768666981,154061,GRUPO_2,SI,5,14.2,N/A
5,0.4415574294,154217,GRUPO_2,SI,5,14.2,N/A
5,0.4575036164,154329,GRUPO_2,SI,5,14.2,N/A
3,0.621338216,154332,GRUPO_2,SI,3,8.34,N/A
5,0.4768666981,154351,GRUPO_2,SI,5,14.2,N/A
6,0.3849000291,154374,GRUPO_2,SI,6,23.86,N/A
5,0.4661247793,154409,GRUPO_2,SI,5,14.2,N/A
4,0.5569090422,154475,GRUPO_2,SI,4,13.97,N/A
3,0.6294644532,154477,GRUPO_2,SI,3,8.34,N/A
5,0.4855261784,154772,GRUPO_2,SI,5,14.2,N/A
4,0.6148229033,154844,GRUPO_2,SI,4,13.97,N/A
3,0.5178186025,154896,GRUPO_1,NO,3,8.34,N/A
1,0.7020952794,153341,GRUPO_1,NO,1,3.44,N/A
3,0.5993230753,154845,GRUPO_1,NO,3,8.34,N/A
3,0.6158418229,155619,GRUPO_1,NO,3,8.34,N/A
3,0.6157305422,155621,GRUPO_1,NO,3,8.34,N/A
3,0.5115456501,155668,GRUPO_1,NO,3,8.34,N/A
3,0.5043664515,156076,GRUPO_1,NO,3,8.34,N/A
3,0.6726652077,159068,GRUPO_4,SI,3,8.34,N/A
3,0.6389762663,159069,GRUPO_4,SI,3,8.34,N/A
4,0.5729119382,160010,GRUPO_2,SI,4,13.97,N/A
3,0.6620330728,160011,GRUPO_2,SI,3,8.34,N/A
1,0.79300103,160012,GRUPO_2,SI,1,3.44,N/A
3,0.69382565,160015,GRUPO_2,SI,3,8.34,N/A
3,0.66918725,160020,GRUPO_2,SI,3,8.34,N/A
2,0.6305230998,160463,GRUPO_1,NO,2,6.32,N/A
3,0.6945988077,157115,GRUPO_2,SI,3,8.34,N/A
2,0.7443775937,157132,GRUPO_2,SI,2,6.32,N/A
5,0.4575036164,157205,GRUPO_2,SI,5,14.2,N/A
4,0.6180160102,157261,GRUPO_2,SI,4,13.97,N/A
5,0.4768666981,157375,GRUPO_2,SI,5,14.2,N/A
4,0.5010009323,157382,GRUPO_2,SI,4,13.97,N/A
4,0.5392378917,157414,GRUPO_2,SI,4,13.97,N/A
2,0.7255160341,157509,GRUPO_2,SI,2,6.32,N/A
3,0.6720223445,157520,GRUPO_2,SI,3,8.34,N/A
4,0.5392378917,157522,GRUPO_2,SI,4,13.97,N/A
5,0.4981121712,157527,GRUPO_2,SI,5,14.2,N/A
4,0.5478044343,157586,GRUPO_2,SI,4,13.97,N/A
4,0.609794339,157587,GRUPO_2,SI,4,13.97,N/A
6,0.3246237359,157591,GRUPO_2,SI,6,23.86,N/A
1,0.8347620833,157673,GRUPO_2,SI,1,3.44,N/A
4,0.5713076531,157745,GRUPO_2,SI,4,13.97,N/A
4,0.5543761718,156047,GRUPO_2,SI,4,13.97,N/A
3,0.6717537624,156049,GRUPO_2,SI,3,8.34,N/A
2,0.7100986693,156050,GRUPO_2,SI,2,6.32,N/A
5,0.435696334,156117,GRUPO_4,SI,5,14.2,N/A
2,0.7011445052,156149,GRUPO_2,SI,2,6.32,N/A
3,0.6793563992,156152,GRUPO_2,SI,3,8.34,N/A
2,0.7036892538,156603,GRUPO_4,SI,2,6.32,N/A
3,0.6726652077,156616,GRUPO_4,SI,3,8.34,N/A
4,0.5485272039,156721,GRUPO_4,SI,4,13.97,N/A
1,0.7777689011,156731,GRUPO_4,SI,1,3.44,N/A
4,0.4356553934,159006,GRUPO_1,NO,4,13.97,N/A
3,0.6122225478,159015,GRUPO_1,NO,3,8.34,N/A
0,0.792338212,159079,GRUPO_1,NO,0,1.2,N/A
4,0.4926932671,159110,GRUPO_1,NO,4,13.97,N/A
1,0.7110326973,159116,GRUPO_1,NO,1,3.44,N/A
3,0.5491412898,159124,GRUPO_1,NO,3,8.34,N/A
3,0.5121396886,159150,GRUPO_1,NO,3,8.34,N/A
3,0.5943968098,159153,GRUPO_1,NO,3,8.34,N/A
3,0.6697501678,159192,GRUPO_2,SI,3,8.34,N/A
3,0.6720223445,159207,GRUPO_2,SI,3,8.34,N/A
3,0.6793563992,159215,GRUPO_2,SI,3,8.34,N/A
3,0.6523211997,159220,GRUPO_2,SI,3,8.34,N/A
2,0.71718709,159238,GRUPO_2,SI,2,6.32,N/A
4,0.6180160102,159307,GRUPO_2,SI,4,13.97,N/A
4,0.5994894711,159312,GRUPO_2,SI,4,13.97,N/A
0,0.8267223137,159499,GRUPO_1,NO,0,1.2,N/A
1,0.7451388636,159500,GRUPO_1,NO,1,3.44,N/A
1,0.7181073461,159501,GRUPO_1,NO,1,3.44,N/A
2,0.6923462578,159502,GRUPO_1,NO,2,6.32,N/A
0,0.7527173807,159505,GRUPO_1,NO,0,1.2,N/A
2,0.6760631233,159507,GRUPO_1,NO,2,6.32,N/A
2,0.6854316139,159509,GRUPO_1,NO,2,6.32,N/A
1,0.7167075035,159510,GRUPO_1,NO,1,3.44,N/A
3,0.6097843197,159549,GRUPO_1,NO,3,8.34,N/A
1,0.7167075035,159557,GRUPO_1,NO,1,3.44,N/A
3,0.5954921192,159558,GRUPO_1,NO,3,8.34,N/A
4,0.4748759489,159561,GRUPO_1,NO,4,13.97,N/A
0,0.7553318569,159582,GRUPO_1,NO,0,1.2,N/A
4,0.585405529,159668,GRUPO_4,SI,4,13.97,N/A
4,0.5840412763,159670,GRUPO_4,SI,4,13.97,N/A
3,0.5934427713,159673,GRUPO_1,NO,3,8.34,N/A
4,0.4810632905,159674,GRUPO_1,NO,4,13.97,N/A
0,0.7616854574,159675,GRUPO_1,NO,0,1.2,N/A
5,0.4417117956,159679,GRUPO_4,SI,5,14.2,N/A
4,0.585405529,159682,GRUPO_4,SI,4,13.97,N/A
2,0.6316781727,159717,GRUPO_1,NO,2,6.32,N/A
3,0.5934427713,159720,GRUPO_1,NO,3,8.34,N/A
1,0.7315190047,159832,GRUPO_1,NO,1,3.44,N/A
0,0.7865728432,159834,GRUPO_1,NO,0,1.2,N/A
2,0.6854316139,159901,GRUPO_1,NO,2,6.32,N/A
3,0.5934427713,159902,GRUPO_1,NO,3,8.34,N/A
4,0.5297224888,156284,GRUPO_2,SI,4,13.97,N/A
5,0.4910895672,156285,GRUPO_2,SI,5,14.2,N/A
3,0.64317897,157110,GRUPO_2,SI,3,8.34,N/A
2,0.6958061229,157345,GRUPO_5,NO,2,6.32,N/A
2,0.6552171647,157346,GRUPO_5,NO,2,6.32,N/A
1,0.7030978949,157658,GRUPO_5,NO,1,3.44,N/A
3,0.6967706128,157718,GRUPO_2,SI,3,8.34,N/A
2,0.658432204,157285,GRUPO_1,NO,2,6.32,N/A
5,0.4271468899,157308,GRUPO_1,NO,5,14.2,N/A
2,0.6625423429,157320,GRUPO_1,NO,2,6.32,N/A
0,0.7676987728,157386,GRUPO_1,NO,0,1.2,N/A
2,0.6547436444,157398,GRUPO_1,NO,2,6.32,N/A
3,0.5647348649,157656,GRUPO_1,NO,3,8.34,N/A
3,0.6806961014,157790,GRUPO_2,SI,3,8.34,N/A
6,0.3724924869,157794,GRUPO_2,SI,6,23.86,N/A
4,0.5413132714,157795,GRUPO_2,SI,4,13.97,N/A
2,0.6931033498,157803,GRUPO_1,NO,2,6.32,N/A
6,0.4013168717,157948,GRUPO_2,SI,6,23.86,N/A
5,0.4500886298,158079,GRUPO_2,SI,5,14.2,N/A
3,0.5440667999,158125,GRUPO_1,NO,3,8.34,N/A
2,0.6766767428,158216,GRUPO_1,NO,2,6.32,N/A
2,0.6348145449,158226,GRUPO_1,NO,2,6.32,N/A
1,0.7110326973,158232,GRUPO_1,NO,1,3.44,N/A
4,0.578346913,156763,GRUPO_4,SI,4,13.97,N/A
3,0.6463852491,157371,GRUPO_4,SI,3,8.34,N/A
3,0.6227529104,157383,GRUPO_4,SI,3,8.34,N/A
3,0.6389762663,157404,GRUPO_4,SI,3,8.34,N/A
2,0.7491421483,157415,GRUPO_4,SI,2,6.32,N/A
6,0.4140510157,157487,GRUPO_2,SI,6,23.86,N/A
6,0.366653946,157491,GRUPO_2,SI,6,23.86,N/A
6,0.2691017904,157557,GRUPO_4,SI,6,23.86,N/A
5,0.4409922934,157706,GRUPO_2,SI,5,14.2,N/A
2,0.7295747988,157707,GRUPO_2,SI,2,6.32,N/A
5,0.4971959786,157711,GRUPO_2,SI,5,14.2,N/A
4,0.596949022,157714,GRUPO_2,SI,4,13.97,N/A
1,0.7608970402,157717,GRUPO_2,SI,1,3.44,N/A
3,0.6832981554,157818,GRUPO_2,SI,3,8.34,N/A
5,0.4855261784,158050,GRUPO_2,SI,5,14.2,N/A
5,0.4475183169,158134,GRUPO_2,SI,5,14.2,N/A
4,0.5910576503,158143,GRUPO_2,SI,4,13.97,N/A
4,0.5421847711,158322,GRUPO_2,SI,4,13.97,N/A
3,0.515256776,153097,GRUPO_1,NO,3,8.34,N/A
5,0.4277525748,153978,GRUPO_5,NO,5,14.2,N/A
5,0.4545600097,154074,GRUPO_2,SI,5,14.2,N/A
3,0.6444130642,154098,GRUPO_2,SI,3,8.34,N/A
4,0.5735049034,154101,GRUPO_2,SI,4,13.97,N/A
4,0.5141815296,154102,GRUPO_2,SI,4,13.97,N/A
1,0.7677208232,154104,GRUPO_2,SI,1,3.44,N/A
3,0.6697501678,154107,GRUPO_2,SI,3,8.34,N/A
4,0.5651739319,154110,GRUPO_2,SI,4,13.97,N/A
4,0.5042729204,154333,GRUPO_2,SI,4,13.97,N/A
1,0.7004320162,154383,GRUPO_1,NO,1,3.44,N/A
3,0.5156046859,154458,GRUPO_5,NO,3,8.34,N/A
3,0.6389762663,154880,GRUPO_4,SI,3,8.34,N/A
6,0.4220316409,155146,GRUPO_4,SI,6,23.86,N/A
5,0.4718647362,159547,GRUPO_4,SI,5,14.2,N/A
4,0.6145696093,159584,GRUPO_4,SI,4,13.97,N/A
2,0.7491421483,159606,GRUPO_4,SI,2,6.32,N/A
1,0.7890931186,159744,GRUPO_2,SI,1,3.44,N/A
1,0.7681527722,159745,GRUPO_2,SI,1,3.44,N/A
5,0.4980343884,159747,GRUPO_2,SI,5,14.2,N/A
3,0.6359679167,159748,GRUPO_2,SI,3,8.34,N/A
2,0.7443775937,159749,GRUPO_2,SI,2,6.32,N/A
4,0.5735049034,159750,GRUPO_2,SI,4,13.97,N/A
6,0.2540776074,159772,GRUPO_4,SI,6,23.86,N/A
4,0.6086418819,159791,GRUPO_4,SI,4,13.97,N/A
1,0.712151012,154075,GRUPO_5,NO,1,3.44,N/A
1,0.7030978949,154077,GRUPO_5,NO,1,3.44,N/A
1,0.7030978949,154084,GRUPO_5,NO,1,3.44,N/A
3,0.6066266116,154100,GRUPO_5,NO,3,8.34,N/A
5,0.4516408482,152143,GRUPO_4,SI,5,14.2,N/A
4,0.5911328523,152344,GRUPO_2,SI,4,13.97,N/A
4,0.609794339,152345,GRUPO_2,SI,4,13.97,N/A
4,0.6111438036,152346,GRUPO_2,SI,4,13.97,N/A
4,0.609794339,152349,GRUPO_2,SI,4,13.97,N/A
4,0.5970753992,152363,GRUPO_2,SI,4,13.97,N/A
4,0.5483333516,152434,GRUPO_2,SI,4,13.97,N/A
4,0.597194319,152477,GRUPO_4,SI,4,13.97,N/A
5,0.4389793503,152523,GRUPO_2,SI,5,14.2,N/A
5,0.4848283554,152680,GRUPO_2,SI,5,14.2,N/A
5,0.4545600097,152721,GRUPO_2,SI,5,14.2,N/A
3,0.5440667999,152794,GRUPO_1,NO,3,8.34,N/A
4,0.5537773041,152797,GRUPO_2,SI,4,13.97,N/A
2,0.7275406315,152798,GRUPO_2,SI,2,6.32,N/A
4,0.6087031279,152801,GRUPO_2,SI,4,13.97,N/A
4,0.6029383164,152802,GRUPO_2,SI,4,13.97,N/A
1,0.7681527722,153051,GRUPO_2,SI,1,3.44,N/A
2,0.6931033498,153163,GRUPO_1,NO,2,6.32,N/A
1,0.7110326973,153166,GRUPO_1,NO,1,3.44,N/A
2,0.6854316139,153167,GRUPO_1,NO,2,6.32,N/A
2,0.6686904772,153172,GRUPO_1,NO,2,6.32,N/A
3,0.5561398013,153400,GRUPO_1,NO,3,8.34,N/A
3,0.5717820434,153401,GRUPO_1,NO,3,8.34,N/A
2,0.6854316139,153427,GRUPO_1,NO,2,6.32,N/A
2,0.6794080054,153502,GRUPO_1,NO,2,6.32,N/A
2,0.7485413328,153522,GRUPO_4,SI,2,6.32,N/A
3,0.613361066,153543,GRUPO_5,NO,3,8.34,N/A
5,0.4694094316,158164,GRUPO_2,SI,5,14.2,N/A
4,0.5819462665,158406,GRUPO_2,SI,4,13.97,N/A
3,0.6620330728,158415,GRUPO_2,SI,3,8.34,N/A
1,0.7671506739,158416,GRUPO_2,SI,1,3.44,N/A
4,0.6007438524,158417,GRUPO_2,SI,4,13.97,N/A
1,0.7890931186,158541,GRUPO_2,SI,1,3.44,N/A
3,0.6886735056,158543,GRUPO_2,SI,3,8.34,N/A
4,0.5599611015,158626,GRUPO_2,SI,4,13.97,N/A
4,0.4765589874,158673,GRUPO_1,NO,4,13.97,N/A
4,0.4959912047,158674,GRUPO_1,NO,4,13.97,N/A
2,0.6335110916,158675,GRUPO_1,NO,2,6.32,N/A
1,0.7004320162,158677,GRUPO_1,NO,1,3.44,N/A
4,0.4782446721,158678,GRUPO_1,NO,4,13.97,N/A
3,0.5590669739,158717,GRUPO_1,NO,3,8.34,N/A
4,0.5153123812,158739,GRUPO_2,SI,4,13.97,N/A
5,0.4500886298,158742,GRUPO_2,SI,5,14.2,N/A
5,0.4936000742,158755,GRUPO_2,SI,5,14.2,N/A
3,0.6517006577,158769,GRUPO_2,SI,3,8.34,N/A
2,0.6239042789,158818,GRUPO_1,NO,2,6.32,N/A
3,0.6325399891,158238,GRUPO_4,SI,3,8.34,N/A
2,0.7010033832,158240,GRUPO_4,SI,2,6.32,N/A
3,0.6208426316,158245,GRUPO_4,SI,3,8.34,N/A
3,0.6384169371,158246,GRUPO_4,SI,3,8.34,N/A
2,0.719858554,158247,GRUPO_4,SI,2,6.32,N/A
2,0.719858554,158268,GRUPO_4,SI,2,6.32,N/A
4,0.6115989764,155267,GRUPO_4,SI,4,13.97,N/A
1,0.7499422109,152760,GRUPO_5,NO,1,3.44,N/A
5,0.4973195588,153055,GRUPO_4,SI,5,14.2,N/A
5,0.4417117956,153066,GRUPO_4,SI,5,14.2,N/A
5,0.4417117956,153083,GRUPO_4,SI,5,14.2,N/A
4,0.6121745891,153088,GRUPO_4,SI,4,13.97,N/A
3,0.6637293423,153090,GRUPO_4,SI,3,8.34,N/A
5,0.4973195588,153145,GRUPO_4,SI,5,14.2,N/A
4,0.5723204372,153162,GRUPO_4,SI,4,13.97,N/A
4,0.5485272039,153239,GRUPO_4,SI,4,13.97,N/A
2,0.6684205129,153516,GRUPO_1,NO,2,6.32,N/A
3,0.6165973012,153545,GRUPO_1,NO,3,8.34,N/A
2,0.6372859783,153547,GRUPO_5,NO,2,6.32,N/A
2,0.6372859783,153549,GRUPO_5,NO,2,6.32,N/A
3,0.6463852491,155404,GRUPO_4,SI,3,8.34,N/A
6,0.3152498221,155409,GRUPO_4,SI,6,23.86,N/A
6,0.416711555,155539,GRUPO_4,SI,6,23.86,N/A
5,0.4899575566,155646,GRUPO_4,SI,5,14.2,N/A
2,0.7089991546,156128,GRUPO_2,SI,2,6.32,N/A
3,0.6602948642,156129,GRUPO_2,SI,3,8.34,N/A
4,0.5566308533,156130,GRUPO_2,SI,4,13.97,N/A
6,0.3724924869,156138,GRUPO_2,SI,6,23.86,N/A
4,0.5283932086,156140,GRUPO_2,SI,4,13.97,N/A
6,0.2895150197,156313,GRUPO_2,SI,6,23.86,N/A
0,0.7946112246,156403,GRUPO_5,NO,0,1.2,N/A
2,0.6790933871,156404,GRUPO_5,NO,2,6.32,N/A
0,0.7685678845,156405,GRUPO_5,NO,0,1.2,N/A
3,0.5922818866,156406,GRUPO_5,NO,3,8.34,N/A
2,0.6866053365,156407,GRUPO_5,NO,2,6.32,N/A
6,0.366653946,159930,GRUPO_2,SI,6,23.86,N/A
5,0.4187957581,159598,GRUPO_1,NO,5,14.2,N/A
2,0.659480631,159599,GRUPO_1,NO,2,6.32,N/A
1,0.7681527722,160172,GRUPO_2,SI,1,3.44,N/A
3,0.5526363159,154897,GRUPO_1,NO,3,8.34,N/A
5,0.4899575566,155495,GRUPO_4,SI,5,14.2,N/A
4,0.5154358483,155504,GRUPO_4,SI,4,13.97,N/A
6,0.3692018276,155513,GRUPO_4,SI,6,23.86,N/A
6,0.4161545213,155519,GRUPO_4,SI,6,23.86,N/A
6,0.3563851336,155641,GRUPO_4,SI,6,23.86,N/A
6,0.3869532394,155805,GRUPO_4,SI,6,23.86,N/A
3,0.5346551875,157537,GRUPO_1,NO,3,8.34,N/A
3,0.5860073122,157538,GRUPO_1,NO,3,8.34,N/A
4,0.4640221077,157541,GRUPO_1,NO,4,13.97,N/A
5,0.4662519734,157764,GRUPO_2,SI,5,14.2,N/A
4,0.5421847711,157766,GRUPO_2,SI,4,13.97,N/A
6,0.4140510157,157952,GRUPO_2,SI,6,23.86,N/A
6,0.2895150197,158053,GRUPO_2,SI,6,23.86,N/A
6,0.3806356897,158813,GRUPO_2,SI,6,23.86,N/A
3,0.5675995762,158945,GRUPO_1,NO,3,8.34,N/A
4,0.6114815426,159075,GRUPO_2,SI,4,13.97,N/A
5,0.4971959786,159076,GRUPO_2,SI,5,14.2,N/A
1,0.7891753767,159083,GRUPO_4,SI,1,3.44,N/A
0,0.8137413036,159109,GRUPO_5,NO,0,1.2,N/A
0,0.8287003339,159115,GRUPO_5,NO,0,1.2,N/A
3,0.6383028165,159125,GRUPO_2,SI,3,8.34,N/A
2,0.7323695603,159126,GRUPO_2,SI,2,6.32,N/A
5,0.4768666981,159129,GRUPO_2,SI,5,14.2,N/A
5,0.4387551916,159147,GRUPO_4,SI,5,14.2,N/A
5,0.4484189899,159267,GRUPO_2,SI,5,14.2,N/A
1,0.7058785229,159406,GRUPO_1,NO,1,3.44,N/A
2,0.6222826943,158607,GRUPO_1,NO,2,6.32,N/A
1,0.7157593309,158608,GRUPO_1,NO,1,3.44,N/A
4,0.4934268598,158609,GRUPO_1,NO,4,13.97,N/A
3,0.5865952154,158611,GRUPO_1,NO,3,8.34,N/A
4,0.5043964951,158694,GRUPO_4,SI,4,13.97,N/A
4,0.5479268857,158703,GRUPO_4,SI,4,13.97,N/A
4,0.5175542722,158782,GRUPO_2,SI,4,13.97,N/A
3,0.6620330728,158785,GRUPO_2,SI,3,8.34,N/A
5,0.4575036164,158787,GRUPO_2,SI,5,14.2,N/A
4,0.6052346897,158789,GRUPO_2,SI,4,13.97,N/A
3,0.5761035756,158808,GRUPO_1,NO,3,8.34,N/A
3,0.5865952154,158809,GRUPO_1,NO,3,8.34,N/A
3,0.6444130642,159000,GRUPO_2,SI,3,8.34,N/A
4,0.6028692662,159022,GRUPO_2,SI,4,13.97,N/A
3,0.6584600118,152472,GRUPO_2,SI,3,8.34,N/A
4,0.5729119382,154669,GRUPO_2,SI,4,13.97,N/A
4,0.5729119382,154812,GRUPO_2,SI,4,13.97,N/A
3,0.6359679167,154821,GRUPO_2,SI,3,8.34,N/A
4,0.596949022,154822,GRUPO_2,SI,4,13.97,N/A
1,0.7677208232,154824,GRUPO_2,SI,1,3.44,N/A
3,0.6859821865,154837,GRUPO_2,SI,3,8.34,N/A
3,0.6446921847,155114,GRUPO_2,SI,3,8.34,N/A
3,0.6776244734,153099,GRUPO_2,SI,3,8.34,N/A
4,0.5421847711,153101,GRUPO_2,SI,4,13.97,N/A
2,0.748171277,153105,GRUPO_2,SI,2,6.32,N/A
4,0.6054623898,153395,GRUPO_2,SI,4,13.97,N/A
6,0.3246237359,154363,GRUPO_2,SI,6,23.86,N/A
6,0.3984692418,154960,GRUPO_2,SI,6,23.86,N/A
2,0.7020789686,155555,GRUPO_2,SI,2,6.32,N/A
6,0.4096788173,157362,GRUPO_2,SI,6,23.86,N/A
6,0.3544956012,157363,GRUPO_2,SI,6,23.86,N/A
5,0.4668224477,157611,GRUPO_2,SI,5,14.2,N/A
4,0.54445703,157612,GRUPO_2,SI,4,13.97,N/A
1,0.7209066713,157915,GRUPO_5,NO,1,3.44,N/A
3,0.5745448851,154435,GRUPO_1,NO,3,8.34,N/A
0,0.7865728432,154436,GRUPO_1,NO,0,1.2,N/A
2,0.6854316139,154437,GRUPO_1,NO,2,6.32,N/A
2,0.6259884454,154438,GRUPO_1,NO,2,6.32,N/A
3,0.5455244956,154439,GRUPO_1,NO,3,8.34,N/A
6,0.4096788173,154485,GRUPO_2,SI,6,23.86,N/A
2,0.6928622983,154567,GRUPO_1,NO,2,6.32,N/A
4,0.5569090422,157243,GRUPO_2,SI,4,13.97,N/A
4,0.5569090422,157310,GRUPO_2,SI,4,13.97,N/A
5,0.4855261784,157483,GRUPO_2,SI,5,14.2,N/A
4,0.5760122019,157558,GRUPO_2,SI,4,13.97,N/A
4,0.5675191181,157937,GRUPO_2,SI,4,13.97,N/A
1,0.8055587093,158379,GRUPO_2,SI,1,3.44,N/A
3,0.6620330728,158380,GRUPO_2,SI,3,8.34,N/A
3,0.6270685986,158381,GRUPO_2,SI,3,8.34,N/A
4,0.5543761718,158382,GRUPO_2,SI,4,13.97,N/A
1,0.8055587093,158385,GRUPO_2,SI,1,3.44,N/A
4,0.6029383164,158386,GRUPO_2,SI,4,13.97,N/A
5,0.4756592243,158706,GRUPO_4,SI,5,14.2,N/A
4,0.5735049034,158784,GRUPO_2,SI,4,13.97,N/A
4,0.5443982847,158882,GRUPO_2,SI,4,13.97,N/A
5,0.3730378091,158887,GRUPO_5,NO,5,14.2,N/A
3,0.5922818866,159024,GRUPO_5,NO,3,8.34,N/A
2,0.6710514491,159025,GRUPO_5,NO,2,6.32,N/A
2,0.6394001539,159026,GRUPO_5,NO,2,6.32,N/A
1,0.712151012,159027,GRUPO_5,NO,1,3.44,N/A
4,0.5096716902,155755,GRUPO_2,SI,4,13.97,N/A
3,0.6662175594,155762,GRUPO_2,SI,3,8.34,N/A
6,0.3151431209,155763,GRUPO_2,SI,6,23.86,N/A
3,0.6270685986,156048,GRUPO_2,SI,3,8.34,N/A
6,0.3151431209,156108,GRUPO_2,SI,6,23.86,N/A
6,0.3724924869,156111,GRUPO_2,SI,6,23.86,N/A
3,0.6444130642,156156,GRUPO_2,SI,3,8.34,N/A
5,0.4682814107,156159,GRUPO_4,SI,5,14.2,N/A
4,0.5722882107,156160,GRUPO_4,SI,4,13.97,N/A
5,0.435696334,156161,GRUPO_4,SI,5,14.2,N/A
4,0.5868314264,156247,GRUPO_4,SI,4,13.97,N/A
0,0.761722321,156849,GRUPO_1,NO,0,1.2,N/A
2,0.6281300464,156851,GRUPO_1,NO,2,6.32,N/A
0,0.8492414498,156872,GRUPO_1,NO,0,1.2,N/A
0,0.7679609522,156876,GRUPO_1,NO,0,1.2,N/A
0,0.8536289576,156878,GRUPO_1,NO,0,1.2,N/A
5,0.4852988116,156882,GRUPO_4,SI,5,14.2,N/A
4,0.5696043685,156884,GRUPO_2,SI,4,13.97,N/A
4,0.6037409307,151527,GRUPO_2,SI,4,13.97,N/A
4,0.5723204372,152598,GRUPO_4,SI,4,13.97,N/A
1,0.7717155807,152602,GRUPO_4,SI,1,3.44,N/A
5,0.4827367999,152605,GRUPO_4,SI,5,14.2,N/A
3,0.6325399891,153040,GRUPO_4,SI,3,8.34,N/A
4,0.5466050198,153763,GRUPO_4,SI,4,13.97,N/A
6,0.3697230773,153824,GRUPO_2,SI,6,23.86,N/A
4,0.5019835646,153825,GRUPO_2,SI,4,13.97,N/A
3,0.6604057377,153827,GRUPO_4,SI,3,8.34,N/A
4,0.5175542722,153828,GRUPO_2,SI,4,13.97,N/A
4,0.5717270549,153830,GRUPO_4,SI,4,13.97,N/A
6,0.3517849838,153837,GRUPO_2,SI,6,23.86,N/A
4,0.4372786994,153320,GRUPO_1,NO,4,13.97,N/A
3,0.5993230753,153323,GRUPO_1,NO,3,8.34,N/A
2,0.6869596615,153343,GRUPO_1,NO,2,6.32,N/A
0,0.7861656589,153431,GRUPO_1,NO,0,1.2,N/A
4,0.5722882107,153499,GRUPO_4,SI,4,13.97,N/A
4,0.5724490057,153500,GRUPO_4,SI,4,13.97,N/A
6,0.2895150197,153504,GRUPO_2,SI,6,23.86,N/A
6,0.4014356474,153509,GRUPO_4,SI,6,23.86,N/A
2,0.6684205129,153518,GRUPO_1,NO,2,6.32,N/A
3,0.5647348649,153544,GRUPO_1,NO,3,8.34,N/A
3,0.6429700424,153556,GRUPO_4,SI,3,8.34,N/A
0,0.8122751746,153564,GRUPO_1,NO,0,1.2,N/A
1,0.7187857393,153565,GRUPO_1,NO,1,3.44,N/A
3,0.5971654082,153584,GRUPO_1,NO,3,8.34,N/A
3,0.6165973012,153704,GRUPO_1,NO,3,8.34,N/A
1,0.7053750523,153705,GRUPO_1,NO,1,3.44,N/A
3,0.5865952154,154441,GRUPO_1,NO,3,8.34,N/A
2,0.6395481695,154443,GRUPO_1,NO,2,6.32,N/A
3,0.5805053075,154449,GRUPO_1,NO,3,8.34,N/A
3,0.5799149459,154459,GRUPO_1,NO,3,8.34,N/A
3,0.5237978957,154707,GRUPO_1,NO,3,8.34,N/A
3,0.5346551875,154716,GRUPO_1,NO,3,8.34,N/A
3,0.5717820434,154840,GRUPO_1,NO,3,8.34,N/A
1,0.7891753767,157407,GRUPO_4,SI,1,3.44,N/A
3,0.6614905411,157659,GRUPO_2,SI,3,8.34,N/A
1,0.7681527722,157681,GRUPO_2,SI,1,3.44,N/A
3,0.6446921847,157728,GRUPO_2,SI,3,8.34,N/A
2,0.7398528649,157912,GRUPO_2,SI,2,6.32,N/A
3,0.6324250816,154610,GRUPO_2,SI,3,8.34,N/A
2,0.6539851291,154899,GRUPO_1,NO,2,6.32,N/A
2,0.6854316139,154900,GRUPO_1,NO,2,6.32,N/A
2,0.6854316139,154902,GRUPO_1,NO,2,6.32,N/A
2,0.6281300464,154905,GRUPO_1,NO,2,6.32,N/A
2,0.6928622983,154906,GRUPO_1,NO,2,6.32,N/A
2,0.7362934769,155282,GRUPO_4,SI,2,6.32,N/A
2,0.7120239677,155287,GRUPO_4,SI,2,6.32,N/A
5,0.4093869094,155395,GRUPO_5,NO,5,14.2,N/A
4,0.439184481,155399,GRUPO_5,NO,4,13.97,N/A
5,0.3990056646,155403,GRUPO_5,NO,5,14.2,N/A
5,0.417799659,155407,GRUPO_5,NO,5,14.2,N/A
1,0.7382767144,155415,GRUPO_1,NO,1,3.44,N/A
2,0.6239042789,155558,GRUPO_1,NO,2,6.32,N/A
3,0.5802533291,155569,GRUPO_1,NO,3,8.34,N/A
2,0.7120239677,157926,GRUPO_4,SI,2,6.32,N/A
6,0.4096788173,148081,GRUPO_2,SI,6,23.86,N/A
4,0.5215822008,152286,GRUPO_2,SI,4,13.97,N/A
2,0.7336973016,152563,GRUPO_2,SI,2,6.32,N/A
6,0.4071305677,152623,GRUPO_2,SI,6,23.86,N/A
6,0.3697230773,152793,GRUPO_2,SI,6,23.86,N/A
6,0.2985985649,152953,GRUPO_2,SI,6,23.86,N/A
4,0.5696043685,152985,GRUPO_2,SI,4,13.97,N/A
5,0.3617526918,153202,GRUPO_1,NO,5,14.2,N/A
5,0.3118980013,153248,GRUPO_1,NO,5,14.2,N/A
3,0.503470056,153251,GRUPO_1,NO,3,8.34,N/A
3,0.6463852491,153582,GRUPO_4,SI,3,8.34,N/A
5,0.4876905752,153585,GRUPO_4,SI,5,14.2,N/A
2,0.65393917,153678,GRUPO_1,NO,2,6.32,N/A
5,0.4345391324,153855,GRUPO_2,SI,5,14.2,N/A
3,0.5590669739,153878,GRUPO_1,NO,3,8.34,N/A
3,0.5865952154,153889,GRUPO_1,NO,3,8.34,N/A
4,0.4934268598,152624,GRUPO_1,NO,4,13.97,N/A
3,0.6325399891,153038,GRUPO_4,SI,3,8.34,N/A
4,0.4390686376,153082,GRUPO_5,NO,4,13.97,N/A
3,0.5527479182,153085,GRUPO_5,NO,3,8.34,N/A
2,0.645265365,153086,GRUPO_5,NO,2,6.32,N/A
4,0.4887225369,153087,GRUPO_5,NO,4,13.97,N/A
4,0.4961605029,153096,GRUPO_5,NO,4,13.97,N/A
3,0.5544542869,153199,GRUPO_5,NO,3,8.34,N/A
2,0.7219634117,157409,GRUPO_4,SI,2,6.32,N/A
2,0.7035861691,158090,GRUPO_2,SI,2,6.32,N/A
3,0.6529567064,158292,GRUPO_2,SI,3,8.34,N/A
2,0.6305230998,158354,GRUPO_1,NO,2,6.32,N/A
4,0.4400981401,158356,GRUPO_1,NO,4,13.97,N/A
4,0.4840262217,158579,GRUPO_1,NO,4,13.97,N/A
1,0.7304698948,152823,GRUPO_1,NO,1,3.44,N/A
1,0.7556044768,154278,GRUPO_4,SI,1,3.44,N/A
2,0.7120239677,154281,GRUPO_4,SI,2,6.32,N/A
5,0.4768666981,154465,GRUPO_2,SI,5,14.2,N/A
6,0.3724924869,154608,GRUPO_2,SI,6,23.86,N/A
4,0.5910576503,154715,GRUPO_2,SI,4,13.97,N/A
2,0.7245029371,154792,GRUPO_2,SI,2,6.32,N/A
4,0.5041086964,154827,GRUPO_2,SI,4,13.97,N/A
5,0.4567478032,153761,GRUPO_4,SI,5,14.2,N/A
5,0.4487037632,153765,GRUPO_4,SI,5,14.2,N/A
4,0.5156788404,153767,GRUPO_4,SI,4,13.97,N/A
3,0.6383395729,153795,GRUPO_2,SI,3,8.34,N/A
4,0.6007438524,153838,GRUPO_2,SI,4,13.97,N/A
6,0.2737780501,153857,GRUPO_2,SI,6,23.86,N/A
3,0.6721312909,153961,GRUPO_4,SI,3,8.34,N/A
3,0.5647348649,154056,GRUPO_1,NO,3,8.34,N/A
5,0.4409881573,153542,GRUPO_4,SI,5,14.2,N/A
1,0.7110326973,153904,GRUPO_1,NO,1,3.44,N/A
5,0.4657812328,154666,GRUPO_4,SI,5,14.2,N/A
2,0.6281300464,157598,GRUPO_1,NO,2,6.32,N/A
3,0.5308537144,157602,GRUPO_1,NO,3,8.34,N/A
3,0.5740228171,157608,GRUPO_1,NO,3,8.34,N/A
3,0.5799149459,157719,GRUPO_1,NO,3,8.34,N/A
3,0.625935864,157993,GRUPO_4,SI,3,8.34,N/A
6,0.3950935874,157998,GRUPO_4,SI,6,23.86,N/A
2,0.6528013458,158022,GRUPO_1,NO,2,6.32,N/A
3,0.5230657731,158128,GRUPO_1,NO,3,8.34,N/A
3,0.6463852491,152329,GRUPO_4,SI,3,8.34,N/A
3,0.6469390688,152339,GRUPO_4,SI,3,8.34,N/A
3,0.6469390688,152475,GRUPO_4,SI,3,8.34,N/A
5,0.4415187756,153138,GRUPO_2,SI,5,14.2,N/A
4,0.5130460907,153183,GRUPO_2,SI,4,13.97,N/A
3,0.6902385022,153185,GRUPO_2,SI,3,8.34,N/A
3,0.6806961014,153197,GRUPO_2,SI,3,8.34,N/A
5,0.4936000742,153220,GRUPO_2,SI,5,14.2,N/A
4,0.5043769776,157412,GRUPO_2,SI,4,13.97,N/A
6,0.3925774562,157421,GRUPO_2,SI,6,23.86,N/A
3,0.6270685986,157661,GRUPO_2,SI,3,8.34,N/A
2,0.7255160341,157662,GRUPO_2,SI,2,6.32,N/A
4,0.5537773041,157675,GRUPO_2,SI,4,13.97,N/A
1,0.8055587093,157676,GRUPO_2,SI,1,3.44,N/A
2,0.71718709,157680,GRUPO_2,SI,2,6.32,N/A
2,0.7149057317,159071,GRUPO_4,SI,2,6.32,N/A
2,0.719858554,159077,GRUPO_4,SI,2,6.32,N/A
3,0.6672636844,159080,GRUPO_4,SI,3,8.34,N/A
4,0.5937987685,159082,GRUPO_4,SI,4,13.97,N/A
1,0.7948887752,159387,GRUPO_4,SI,1,3.44,N/A
4,0.5031405652,159396,GRUPO_4,SI,4,13.97,N/A
4,0.5442312594,159405,GRUPO_4,SI,4,13.97,N/A
4,0.5324508892,159408,GRUPO_4,SI,4,13.97,N/A
6,0.3869532394,159452,GRUPO_4,SI,6,23.86,N/A
3,0.5590669739,154262,GRUPO_1,NO,3,8.34,N/A
3,0.6157305422,154358,GRUPO_1,NO,3,8.34,N/A
3,0.5237978957,154360,GRUPO_1,NO,3,8.34,N/A
3,0.6157305422,154559,GRUPO_1,NO,3,8.34,N/A
1,0.7181073461,154265,GRUPO_1,NO,1,3.44,N/A
3,0.6529567064,159513,GRUPO_2,SI,3,8.34,N/A
6,0.4231369111,160115,GRUPO_2,SI,6,23.86,N/A
4,0.6037409307,160133,GRUPO_2,SI,4,13.97,N/A
4,0.5566308533,160142,GRUPO_2,SI,4,13.97,N/A
4,0.5019835646,160143,GRUPO_2,SI,4,13.97,N/A
2,0.6958061229,152945,GRUPO_5,NO,2,6.32,N/A
0,0.7946112246,152999,GRUPO_5,NO,0,1.2,N/A
6,0.3491034018,153192,GRUPO_4,SI,6,23.86,N/A
4,0.5070115597,153203,GRUPO_4,SI,4,13.97,N/A
6,0.3828936469,153214,GRUPO_4,SI,6,23.86,N/A
6,0.4260359718,155388,GRUPO_2,SI,6,23.86,N/A
4,0.6007438524,155394,GRUPO_2,SI,4,13.97,N/A
0,0.8287003339,159298,GRUPO_5,NO,0,1.2,N/A
1,0.7257378245,159299,GRUPO_5,NO,1,3.44,N/A
1,0.740948002,159300,GRUPO_5,NO,1,3.44,N/A
0,0.8697534059,159308,GRUPO_5,NO,0,1.2,N/A
3,0.6620330728,156419,GRUPO_2,SI,3,8.34,N/A
3,0.5156046859,154464,GRUPO_5,NO,3,8.34,N/A
2,0.7491421483,157995,GRUPO_4,SI,2,6.32,N/A
4,0.5663305985,157996,GRUPO_4,SI,4,13.97,N/A
5,0.4912071168,158165,GRUPO_2,SI,5,14.2,N/A
3,0.6405469201,158169,GRUPO_2,SI,3,8.34,N/A
4,0.5910576503,158227,GRUPO_2,SI,4,13.97,N/A
6,0.3925774562,158228,GRUPO_2,SI,6,23.86,N/A
3,0.625935864,155005,GRUPO_4,SI,3,8.34,N/A
1,0.740948002,151626,GRUPO_5,NO,1,3.44,N/A
6,0.414170953,151642,GRUPO_4,SI,6,23.86,N/A
3,0.6071327054,151802,GRUPO_5,NO,3,8.34,N/A
4,0.514697106,151883,GRUPO_4,SI,4,13.97,N/A
4,0.5867821835,152317,GRUPO_4,SI,4,13.97,N/A
1,0.71302843,156210,GRUPO_1,NO,1,3.44,N/A
2,0.6397111809,156213,GRUPO_1,NO,2,6.32,N/A
3,0.605481018,156216,GRUPO_1,NO,3,8.34,N/A
3,0.6165237445,156219,GRUPO_1,NO,3,8.34,N/A
2,0.6837562615,156222,GRUPO_1,NO,2,6.32,N/A
4,0.6007438524,156364,GRUPO_2,SI,4,13.97,N/A
3,0.6270685986,156387,GRUPO_2,SI,3,8.34,N/A
6,0.4161545213,158377,GRUPO_4,SI,6,23.86,N/A
5,0.4475508693,158405,GRUPO_2,SI,5,14.2,N/A
6,0.3724924869,158527,GRUPO_2,SI,6,23.86,N/A
3,0.6945988077,158542,GRUPO_2,SI,3,8.34,N/A
5,0.4325748758,158584,GRUPO_2,SI,5,14.2,N/A
3,0.668678576,152815,GRUPO_4,SI,3,8.34,N/A
4,0.5398279703,152818,GRUPO_4,SI,4,13.97,N/A
4,0.5434521587,152820,GRUPO_4,SI,4,13.97,N/A
4,0.5570811338,152822,GRUPO_4,SI,4,13.97,N/A
4,0.5094044245,152832,GRUPO_4,SI,4,13.97,N/A
6,0.4267802481,152939,GRUPO_4,SI,6,23.86,N/A
3,0.6557864164,153706,GRUPO_2,SI,3,8.34,N/A
5,0.3417822061,153981,GRUPO_5,NO,5,14.2,N/A
4,0.4476290522,158844,GRUPO_5,NO,4,13.97,N/A
2,0.6754143831,158890,GRUPO_5,NO,2,6.32,N/A
0,0.8354170743,158900,GRUPO_5,NO,0,1.2,N/A
2,0.645265365,158903,GRUPO_5,NO,2,6.32,N/A
5,0.4065208997,158904,GRUPO_5,NO,5,14.2,N/A
5,0.4517614928,158582,GRUPO_2,SI,5,14.2,N/A
3,0.6384169371,158599,GRUPO_4,SI,3,8.34,N/A
4,0.5599611015,158612,GRUPO_2,SI,4,13.97,N/A
4,0.5416157544,156621,GRUPO_2,SI,4,13.97,N/A
3,0.6270685986,152850,GRUPO_2,SI,3,8.34,N/A
5,0.4103977349,152941,GRUPO_1,NO,5,14.2,N/A
3,0.539461358,158746,GRUPO_1,NO,3,8.34,N/A
4,0.5313491671,152069,GRUPO_2,SI,4,13.97,N/A
6,0.3754028057,152960,GRUPO_2,SI,6,23.86,N/A
6,0.4080099852,153000,GRUPO_2,SI,6,23.86,N/A
6,0.3806356897,153001,GRUPO_2,SI,6,23.86,N/A
3,0.6421075899,153018,GRUPO_2,SI,3,8.34,N/A
4,0.5569090422,159607,GRUPO_2,SI,4,13.97,N/A
5,0.4694094316,158627,GRUPO_2,SI,5,14.2,N/A
5,0.4415187756,159328,GRUPO_2,SI,5,14.2,N/A
5,0.4415187756,159332,GRUPO_2,SI,5,14.2,N/A
3,0.6806961014,159373,GRUPO_2,SI,3,8.34,N/A
3,0.6352937291,154946,GRUPO_4,SI,3,8.34,N/A
6,0.3837545987,155615,GRUPO_4,SI,6,23.86,N/A
6,0.3724924869,155767,GRUPO_2,SI,6,23.86,N/A
4,0.5839211789,155779,GRUPO_2,SI,4,13.97,N/A
4,0.5165671059,155780,GRUPO_2,SI,4,13.97,N/A
6,0.382776849,155781,GRUPO_2,SI,6,23.86,N/A
3,0.6967706128,155783,GRUPO_2,SI,3,8.34,N/A
6,0.3724924869,156091,GRUPO_2,SI,6,23.86,N/A
5,0.4910895672,156092,GRUPO_2,SI,5,14.2,N/A
3,0.6211293761,156114,GRUPO_4,SI,3,8.34,N/A
1,0.732587854,158209,GRUPO_5,NO,1,3.44,N/A
4,0.5398279703,158367,GRUPO_4,SI,4,13.97,N/A
4,0.5180696241,158578,GRUPO_4,SI,4,13.97,N/A
6,0.3624726315,152566,GRUPO_2,SI,6,23.86,N/A
6,0.3246237359,154377,GRUPO_2,SI,6,23.86,N/A
5,0.4409922934,158625,GRUPO_2,SI,5,14.2,N/A
5,0.47390734,158666,GRUPO_2,SI,5,14.2,N/A
4,0.5937987685,158696,GRUPO_4,SI,4,13.97,N/A
4,0.5313491671,154794,GRUPO_2,SI,4,13.97,N/A
3,0.6258201129,154795,GRUPO_2,SI,3,8.34,N/A
1,0.7084528386,155073,GRUPO_1,NO,1,3.44,N/A
6,0.3925774562,155116,GRUPO_2,SI,6,23.86,N/A
6,0.3344005524,151755,GRUPO_4,SI,6,23.86,N/A
6,0.3152498221,152636,GRUPO_4,SI,6,23.86,N/A
6,0.3849000291,152384,GRUPO_2,SI,6,23.86,N/A
5,0.4886435259,152385,GRUPO_2,SI,5,14.2,N/A
6,0.3518207306,152474,GRUPO_2,SI,6,23.86,N/A
3,0.6636190013,152536,GRUPO_2,SI,3,8.34,N/A
3,0.6584600118,154888,GRUPO_2,SI,3,8.34,N/A
2,0.7248794139,154976,GRUPO_2,SI,2,6.32,N/A
5,0.4324553133,160382,GRUPO_4,SI,5,14.2,N/A
6,0.3724924869,154879,GRUPO_2,SI,6,23.86,N/A
5,0.417799659,155408,GRUPO_5,NO,5,14.2,N/A
3,0.645164838,159497,GRUPO_4,SI,3,8.34,N/A
6,0.3724924869,153065,GRUPO_2,SI,6,23.86,N/A
6,0.3518207306,153306,GRUPO_2,SI,6,23.86,N/A
6,0.3869532394,154320,GRUPO_4,SI,6,23.86,N/A
5,0.4821315922,154328,GRUPO_4,SI,5,14.2,N/A
6,0.3744223043,154335,GRUPO_4,SI,6,23.86,N/A
4,0.539976793,154806,GRUPO_2,SI,4,13.97,N/A
4,0.5010009323,154810,GRUPO_2,SI,4,13.97,N/A
4,0.4390686376,154811,GRUPO_5,NO,4,13.97,N/A
5,0.4442430712,154835,GRUPO_4,SI,5,14.2,N/A
3,0.6376791893,154924,GRUPO_4,SI,3,8.34,N/A
5,0.4876905752,154926,GRUPO_4,SI,5,14.2,N/A
6,0.3611802866,152210,GRUPO_4,SI,6,23.86,N/A
5,0.4827367999,152212,GRUPO_4,SI,5,14.2,N/A
3,0.6414237983,145969,GRUPO_2,SI,3,8.34,N/A
3,0.6517712781,155265,GRUPO_2,SI,3,8.34,N/A
6,0.3570262057,156151,GRUPO_4,SI,6,23.86,N/A
4,0.5246985554,156365,GRUPO_4,SI,4,13.97,N/A
5,0.4852988116,156366,GRUPO_4,SI,5,14.2,N/A
5,0.4843170778,156458,GRUPO_4,SI,5,14.2,N/A
4,0.5748295367,156460,GRUPO_4,SI,4,13.97,N/A
4,0.5479268857,152641,GRUPO_4,SI,4,13.97,N/A
6,0.3151431209,159173,GRUPO_2,SI,6,23.86,N/A
5,0.4790284353,159517,GRUPO_4,SI,5,14.2,N/A
4,0.5717270549,159525,GRUPO_4,SI,4,13.97,N/A
3,0.5954921192,160181,GRUPO_1,NO,3,8.34,N/A
3,0.5055658947,158862,GRUPO_5,NO,3,8.34,N/A
3,0.5358936842,158907,GRUPO_5,NO,3,8.34,N/A
3,0.5680914745,159177,GRUPO_5,NO,3,8.34,N/A
6,0.3744223043,155041,GRUPO_4,SI,6,23.86,N/A
4,0.5651739319,152120,GRUPO_2,SI,4,13.97,N/A
4,0.5165671059,153602,GRUPO_2,SI,4,13.97,N/A
3,0.6960615679,153603,GRUPO_2,SI,3,8.34,N/A
2,0.6854316139,159835,GRUPO_1,NO,2,6.32,N/A
6,0.4140510157,154767,GRUPO_2,SI,6,23.86,N/A
2,0.7197588543,154975,GRUPO_2,SI,2,6.32,N/A
4,0.5822426334,157530,GRUPO_2,SI,4,13.97,N/A
4,0.5175542722,157534,GRUPO_2,SI,4,13.97,N/A
3,0.5922818866,157348,GRUPO_5,NO,3,8.34,N/A
3,0.6988487913,156738,GRUPO_4,SI,3,8.34,N/A
3,0.6726652077,156802,GRUPO_4,SI,3,8.34,N/A
5,0.4575036164,157609,GRUPO_2,SI,5,14.2,N/A
4,0.5421847711,158860,GRUPO_2,SI,4,13.97,N/A
4,0.5483333516,158865,GRUPO_2,SI,4,13.97,N/A
4,0.5675191181,158867,GRUPO_2,SI,4,13.97,N/A
2,0.7351234661,159058,GRUPO_2,SI,2,6.32,N/A
1,0.740948002,154076,GRUPO_5,NO,1,3.44,N/A
5,0.4415574294,158847,GRUPO_2,SI,5,14.2,N/A
6,0.3544956012,159061,GRUPO_2,SI,6,23.86,N/A
6,0.41183098,159062,GRUPO_2,SI,6,23.86,N/A
3,0.6832981554,155959,GRUPO_2,SI,3,8.34,N/A
4,0.5483333516,155966,GRUPO_2,SI,4,13.97,N/A
5,0.4668224477,156030,GRUPO_2,SI,5,14.2,N/A
5,0.4766396295,156053,GRUPO_4,SI,5,14.2,N/A
4,0.5010009323,156147,GRUPO_2,SI,4,13.97,N/A
5,0.4768666981,156202,GRUPO_2,SI,5,14.2,N/A
5,0.4768666981,158823,GRUPO_2,SI,5,14.2,N/A
5,0.4487037632,152620,GRUPO_4,SI,5,14.2,N/A
4,0.5564829931,152819,GRUPO_4,SI,4,13.97,N/A
3,0.6672636844,152943,GRUPO_4,SI,3,8.34,N/A
5,0.4922011576,153106,GRUPO_4,SI,5,14.2,N/A
3,0.6258201129,155925,GRUPO_2,SI,3,8.34,N/A
4,0.5569090422,158920,GRUPO_2,SI,4,13.97,N/A
4,0.6180160102,159065,GRUPO_2,SI,4,13.97,N/A
5,0.4981121712,159066,GRUPO_2,SI,5,14.2,N/A
6,0.4231369111,159152,GRUPO_2,SI,6,23.86,N/A
5,0.4575036164,159820,GRUPO_2,SI,5,14.2,N/A
4,0.5421847711,159821,GRUPO_2,SI,4,13.97,N/A
4,0.5969173443,159822,GRUPO_2,SI,4,13.97,N/A
2,0.7418224708,159828,GRUPO_2,SI,2,6.32,N/A
6,0.4097983738,152716,GRUPO_4,SI,6,23.86,N/A
1,0.809235285,153822,GRUPO_2,SI,1,3.44,N/A
5,0.4389793503,154113,GRUPO_2,SI,5,14.2,N/A
6,0.3203764985,154290,GRUPO_2,SI,6,23.86,N/A
0,0.7571686215,155452,GRUPO_5,NO,0,1.2,N/A
3,0.6700007191,160231,GRUPO_2,SI,3,8.34,N/A
3,0.5308537144,160547,GRUPO_1,NO,3,8.34,N/A
6,0.3152498221,153505,GRUPO_4,SI,6,23.86,N/A
4,0.6042346181,153560,GRUPO_4,SI,4,13.97,N/A
6,0.4096788173,153940,GRUPO_2,SI,6,23.86,N/A
6,0.3517849838,157406,GRUPO_2,SI,6,23.86,N/A
6,0.382776849,157510,GRUPO_2,SI,6,23.86,N/A
4,0.5096716902,159585,GRUPO_2,SI,4,13.97,N/A
3,0.5156046859,154488,GRUPO_5,NO,3,8.34,N/A
3,0.5527479182,154494,GRUPO_5,NO,3,8.34,N/A
4,0.4961605029,154876,GRUPO_5,NO,4,13.97,N/A
3,0.5646084714,154878,GRUPO_5,NO,3,8.34,N/A
1,0.7110326973,154135,GRUPO_1,NO,1,3.44,N/A
3,0.6436228307,159515,GRUPO_2,SI,3,8.34,N/A
3,0.6602948642,160121,GRUPO_2,SI,3,8.34,N/A
5,0.4103977349,160325,GRUPO_1,NO,5,14.2,N/A
5,0.3483900587,160328,GRUPO_1,NO,5,14.2,N/A
5,0.3118980013,160330,GRUPO_1,NO,5,14.2,N/A
3,0.5695740553,160332,GRUPO_1,NO,3,8.34,N/A
2,0.6701918693,160336,GRUPO_1,NO,2,6.32,N/A
2,0.6625423429,160337,GRUPO_1,NO,2,6.32,N/A
2,0.6625423429,160338,GRUPO_1,NO,2,6.32,N/A
5,0.4922011576,151779,GRUPO_4,SI,5,14.2,N/A
4,0.5748295367,155261,GRUPO_4,SI,4,13.97,N/A
4,0.5479268857,156038,GRUPO_4,SI,4,13.97,N/A
5,0.4325748758,159297,GRUPO_2,SI,5,14.2,N/A
4,0.5042729204,159181,GRUPO_2,SI,4,13.97,N/A
6,0.4195776961,159302,GRUPO_2,SI,6,23.86,N/A
3,0.620198618,153722,GRUPO_4,SI,3,8.34,N/A
4,0.5354365266,153727,GRUPO_4,SI,4,13.97,N/A
2,0.7048593933,153777,GRUPO_4,SI,2,6.32,N/A
3,0.6964057341,153586,GRUPO_4,SI,3,8.34,N/A
3,0.6283346826,153587,GRUPO_4,SI,3,8.34,N/A
4,0.5160296317,151844,GRUPO_4,SI,4,13.97,N/A
3,0.5865952154,152263,GRUPO_1,NO,3,8.34,N/A
2,0.6259884454,154927,GRUPO_1,NO,2,6.32,N/A
3,0.5865952154,154932,GRUPO_1,NO,3,8.34,N/A
2,0.6570714139,158056,GRUPO_5,NO,2,6.32,N/A
3,0.571000628,159018,GRUPO_5,NO,3,8.34,N/A
6,0.41183098,156456,GRUPO_2,SI,6,23.86,N/A
6,0.4014298829,156462,GRUPO_2,SI,6,23.86,N/A
3,0.64317897,157176,GRUPO_2,SI,3,8.34,N/A
4,0.6168725791,159498,GRUPO_4,SI,4,13.97,N/A
3,0.6794640714,159529,GRUPO_4,SI,3,8.34,N/A
6,0.4166734534,159833,GRUPO_4,SI,6,23.86,N/A
5,0.4187957581,153252,GRUPO_1,NO,5,14.2,N/A
5,0.493670355,158881,GRUPO_4,SI,5,14.2,N/A
1,0.7800737398,158889,GRUPO_4,SI,1,3.44,N/A
3,0.6604057377,159518,GRUPO_4,SI,3,8.34,N/A
3,0.6584600118,152778,GRUPO_2,SI,3,8.34,N/A
6,0.3744223043,153539,GRUPO_4,SI,6,23.86,N/A
5,0.4936000742,156623,GRUPO_2,SI,5,14.2,N/A
5,0.4936000742,156764,GRUPO_2,SI,5,14.2,N/A
5,0.4849323252,156848,GRUPO_2,SI,5,14.2,N/A
4,0.5416157544,156881,GRUPO_2,SI,4,13.97,N/A
3,0.6557864164,157177,GRUPO_2,SI,3,8.34,N/A
6,0.3151431209,159142,GRUPO_2,SI,6,23.86,N/A
6,0.3078051582,157613,GRUPO_2,SI,6,23.86,N/A
5,0.4790284353,153721,GRUPO_4,SI,5,14.2,N/A
4,0.5663305985,153774,GRUPO_4,SI,4,13.97,N/A
4,0.5141815296,155968,GRUPO_2,SI,4,13.97,N/A
3,0.6444130642,155889,GRUPO_2,SI,3,8.34,N/A
3,0.6325218416,156418,GRUPO_2,SI,3,8.34,N/A
2,0.7197588543,156422,GRUPO_2,SI,2,6.32,N/A
0,0.8023458093,157287,GRUPO_5,NO,0,1.2,N/A
3,0.6109254471,157291,GRUPO_5,NO,3,8.34,N/A
3,0.5922818866,157311,GRUPO_5,NO,3,8.34,N/A
2,0.6394001539,157312,GRUPO_5,NO,2,6.32,N/A
1,0.7499422109,157313,GRUPO_5,NO,1,3.44,N/A
5,0.4727005887,159404,GRUPO_4,SI,5,14.2,N/A
2,0.621275191,157785,GRUPO_5,NO,2,6.32,N/A
2,0.6625547206,157786,GRUPO_5,NO,2,6.32,N/A
3,0.6109254471,157787,GRUPO_5,NO,3,8.34,N/A
0,0.7685678845,157789,GRUPO_5,NO,0,1.2,N/A
5,0.4718647362,159527,GRUPO_4,SI,5,14.2,N/A
4,0.5313491671,155387,GRUPO_2,SI,4,13.97,N/A
5,0.4409922934,155389,GRUPO_2,SI,5,14.2,N/A
4,0.6148229033,155390,GRUPO_2,SI,4,13.97,N/A
6,0.2895150197,155433,GRUPO_2,SI,6,23.86,N/A
6,0.3724924869,155487,GRUPO_2,SI,6,23.86,N/A
4,0.5723204372,152826,GRUPO_4,SI,4,13.97,N/A
5,0.4922011576,153433,GRUPO_4,SI,5,14.2,N/A
4,0.54445703,157524,GRUPO_2,SI,4,13.97,N/A
4,0.4928210187,154301,GRUPO_1,NO,4,13.97,N/A
3,0.5298156954,154338,GRUPO_1,NO,3,8.34,N/A
3,0.5091531657,154362,GRUPO_1,NO,3,8.34,N/A
3,0.6076030677,154366,GRUPO_1,NO,3,8.34,N/A
3,0.5455244956,155280,GRUPO_1,NO,3,8.34,N/A
4,0.5175542722,155867,GRUPO_2,SI,4,13.97,N/A
2,0.7149057317,158705,GRUPO_4,SI,2,6.32,N/A
4,0.5326774844,158819,GRUPO_2,SI,4,13.97,N/A
4,0.6114815426,159063,GRUPO_2,SI,4,13.97,N/A
6,0.3519334686,154785,GRUPO_4,SI,6,23.86,N/A
1,0.8145328153,153568,GRUPO_2,SI,1,3.44,N/A
6,0.4260359718,155398,GRUPO_2,SI,6,23.86,N/A
3,0.6963012091,155590,GRUPO_2,SI,3,8.34,N/A
4,0.5605582557,155603,GRUPO_2,SI,4,13.97,N/A
3,0.6351791861,155607,GRUPO_2,SI,3,8.34,N/A
4,0.5297224888,156837,GRUPO_2,SI,4,13.97,N/A
3,0.6405469201,156871,GRUPO_2,SI,3,8.34,N/A
4,0.5994147645,156072,GRUPO_2,SI,4,13.97,N/A
6,0.3570262057,157997,GRUPO_4,SI,6,23.86,N/A
4,0.5130460907,158166,GRUPO_2,SI,4,13.97,N/A
6,0.3806356897,152232,GRUPO_2,SI,6,23.86,N/A
5,0.4855261784,152233,GRUPO_2,SI,5,14.2,N/A
4,0.4928210187,154036,GRUPO_1,NO,4,13.97,N/A
3,0.5368611881,154040,GRUPO_1,NO,3,8.34,N/A
1,0.7315190047,154042,GRUPO_1,NO,1,3.44,N/A
4,0.4740006242,154045,GRUPO_1,NO,4,13.97,N/A
2,0.6794080054,154197,GRUPO_1,NO,2,6.32,N/A
3,0.5043664515,154274,GRUPO_1,NO,3,8.34,N/A
2,0.6625547206,157791,GRUPO_5,NO,2,6.32,N/A
4,0.5409529981,153608,GRUPO_2,SI,4,13.97,N/A
6,0.3724924869,153619,GRUPO_2,SI,6,23.86,N/A
2,0.7351234661,159952,GRUPO_2,SI,2,6.32,N/A
3,0.6383028165,159964,GRUPO_2,SI,3,8.34,N/A
3,0.5156046859,154353,GRUPO_5,NO,3,8.34,N/A
2,0.7495973778,159070,GRUPO_4,SI,2,6.32,N/A
5,0.4415187756,158265,GRUPO_2,SI,5,14.2,N/A
4,0.5969173443,152930,GRUPO_2,SI,4,13.97,N/A
4,0.5721672057,156205,GRUPO_2,SI,4,13.97,N/A
5,0.435696334,156067,GRUPO_4,SI,5,14.2,N/A
6,0.3985877358,156332,GRUPO_4,SI,6,23.86,N/A
4,0.5466050198,156442,GRUPO_4,SI,4,13.97,N/A
4,0.5784172453,157011,GRUPO_4,SI,4,13.97,N/A
4,0.597194319,156260,GRUPO_4,SI,4,13.97,N/A
1,0.7257378245,156357,GRUPO_5,NO,1,3.44,N/A
6,0.41183098,155044,GRUPO_2,SI,6,23.86,N/A
3,0.6662175594,147487,GRUPO_2,SI,3,8.34,N/A
2,0.7349848146,147489,GRUPO_2,SI,2,6.32,N/A
4,0.6148229033,147492,GRUPO_2,SI,4,13.97,N/A
1,0.8145328153,159797,GRUPO_2,SI,1,3.44,N/A
4,0.5507815635,159838,GRUPO_2,SI,4,13.97,N/A
6,0.3624726315,147582,GRUPO_2,SI,6,23.86,N/A
3,0.549254863,158221,GRUPO_5,NO,3,8.34,N/A
0,0.8002146035,158360,GRUPO_5,NO,0,1.2,N/A
6,0.3896728948,156737,GRUPO_4,SI,6,23.86,N/A
6,0.3713371467,156745,GRUPO_4,SI,6,23.86,N/A
6,0.3611802866,157270,GRUPO_4,SI,6,23.86,N/A
3,0.6071327054,154859,GRUPO_5,NO,3,8.34,N/A
4,0.5072390739,158901,GRUPO_2,SI,4,13.97,N/A
6,0.3754028057,152162,GRUPO_2,SI,6,23.86,N/A
4,0.54445703,152599,GRUPO_2,SI,4,13.97,N/A
5,0.4628927805,152905,GRUPO_2,SI,5,14.2,N/A
6,0.41183098,153140,GRUPO_2,SI,6,23.86,N/A
3,0.6584600118,143960,GRUPO_2,SI,3,8.34,N/A
3,0.621338216,155983,GRUPO_2,SI,3,8.34,N/A
4,0.5969173443,155985,GRUPO_2,SI,4,13.97,N/A
3,0.6200821692,156207,GRUPO_2,SI,3,8.34,N/A
2,0.7148049677,157523,GRUPO_2,SI,2,6.32,N/A
3,0.5173768237,154231,GRUPO_5,NO,3,8.34,N/A
4,0.5285163923,153583,GRUPO_4,SI,4,13.97,N/A
5,0.4922011576,158669,GRUPO_4,SI,5,14.2,N/A
4,0.5762883666,158697,GRUPO_4,SI,4,13.97,N/A
3,0.5397441076,152567,GRUPO_1,NO,3,8.34,N/A
3,0.6146010555,152908,GRUPO_1,NO,3,8.34,N/A
4,0.4991168138,153392,GRUPO_1,NO,4,13.97,N/A
3,0.626819284,159563,GRUPO_2,SI,3,8.34,N/A
6,0.349354965,151756,GRUPO_4,SI,6,23.86,N/A
4,0.5633618835,151757,GRUPO_4,SI,4,13.97,N/A
4,0.5298574333,152227,GRUPO_2,SI,4,13.97,N/A
1,0.7534819942,147989,GRUPO_2,SI,1,3.44,N/A
3,0.6722207895,147991,GRUPO_2,SI,3,8.34,N/A
5,0.4317586201,153448,GRUPO_2,SI,5,14.2,N/A
4,0.6000943903,158884,GRUPO_4,SI,4,13.97,N/A
2,0.6443610377,155199,GRUPO_1,NO,2,6.32,N/A
2,0.6722379719,155488,GRUPO_1,NO,2,6.32,N/A
5,0.4474482938,151641,GRUPO_4,SI,5,14.2,N/A
6,0.407062208,151885,GRUPO_4,SI,6,23.86,N/A
4,0.6140140422,152362,GRUPO_4,SI,4,13.97,N/A
3,0.5366750189,155410,GRUPO_5,NO,3,8.34,N/A
1,0.7614262967,154279,GRUPO_4,SI,1,3.44,N/A
4,0.5693615467,159680,GRUPO_4,SI,4,13.97,N/A
6,0.3350194243,157439,GRUPO_2,SI,6,23.86,N/A
6,0.3727512523,157440,GRUPO_2,SI,6,23.86,N/A
3,0.6645766849,160450,GRUPO_4,SI,3,8.34,N/A
1,0.7995551858,156833,GRUPO_2,SI,1,3.44,N/A
3,0.694255809,156850,GRUPO_2,SI,3,8.34,N/A
4,0.612802975,156863,GRUPO_2,SI,4,13.97,N/A
4,0.5632402804,152849,GRUPO_2,SI,4,13.97,N/A
4,0.5739297894,153279,GRUPO_2,SI,4,13.97,N/A
4,0.519806084,153307,GRUPO_2,SI,4,13.97,N/A
0,0.8345193216,155337,GRUPO_1,NO,0,1.2,N/A
1,0.7413289765,157928,GRUPO_1,NO,1,3.44,N/A
3,0.5753831836,157929,GRUPO_1,NO,3,8.34,N/A
4,0.4465169123,157931,GRUPO_1,NO,4,13.97,N/A
2,0.6520082682,157945,GRUPO_1,NO,2,6.32,N/A
3,0.5051518516,157979,GRUPO_1,NO,3,8.34,N/A
2,0.6276175956,157982,GRUPO_1,NO,2,6.32,N/A
3,0.6536161229,160392,GRUPO_4,SI,3,8.34,N/A
1,0.8000224606,160577,GRUPO_4,SI,1,3.44,N/A
4,0.5526079848,160668,GRUPO_2,SI,4,13.97,N/A
5,0.4502461877,160671,GRUPO_2,SI,5,14.2,N/A
3,0.6850293575,160674,GRUPO_2,SI,3,8.34,N/A
4,0.5717539852,160675,GRUPO_2,SI,4,13.97,N/A
4,0.5223990037,160728,GRUPO_2,SI,4,13.97,N/A
5,0.4317586201,160761,GRUPO_2,SI,5,14.2,N/A
3,0.6700002557,160829,GRUPO_4,SI,3,8.34,N/A
6,0.3525676008,160689,GRUPO_2,SI,6,23.86,N/A
4,0.5384886686,160687,GRUPO_2,SI,4,13.97,N/A
3,0.6808323692,159941,GRUPO_2,SI,3,8.34,N/A
4,0.5700624958,159943,GRUPO_2,SI,4,13.97,N/A
2,0.7203921539,159946,GRUPO_2,SI,2,6.32,N/A
4,0.5577553423,159949,GRUPO_2,SI,4,13.97,N/A
1,0.7092368549,160653,GRUPO_1,NO,1,3.44,N/A
1,0.7063213283,160878,GRUPO_1,NO,1,3.44,N/A
2,0.6978915955,160879,GRUPO_1,NO,2,6.32,N/A
3,0.6047763012,160876,GRUPO_1,NO,3,8.34,N/A
2,0.6276175956,160882,GRUPO_1,NO,2,6.32,N/A
0,0.8308881064,160909,GRUPO_1,NO,0,1.2,N/A
5,0.4726477891,160563,GRUPO_4,SI,5,14.2,N/A
3,0.5100104262,160899,GRUPO_1,NO,3,8.34,N/A
0,0.7836349995,160953,GRUPO_1,NO,0,1.2,N/A
2,0.7282582564,160917,GRUPO_4,SI,2,6.32,N/A
1,0.7700874547,160881,GRUPO_2,SI,1,3.44,N/A
3,0.5997401915,160526,GRUPO_1,NO,3,8.34,N/A
3,0.6184161198,160683,GRUPO_1,NO,3,8.34,N/A
3,0.6494236059,160751,GRUPO_4,SI,3,8.34,N/A
3,0.6583963162,160752,GRUPO_4,SI,3,8.34,N/A
3,0.6548998037,160758,GRUPO_4,SI,3,8.34,N/A
3,0.620748916,160775,GRUPO_4,SI,3,8.34,N/A
3,0.669827166,160868,GRUPO_2,SI,3,8.34,N/A
3,0.6678626789,160883,GRUPO_2,SI,3,8.34,N/A
2,0.6824597336,160452,GRUPO_1,NO,2,6.32,N/A
1,0.7170601099,160453,GRUPO_1,NO,1,3.44,N/A
5,0.4303860121,160774,GRUPO_4,SI,5,14.2,N/A
2,0.6899288621,160527,GRUPO_1,NO,2,6.32,N/A
5,0.4604033976,160753,GRUPO_4,SI,5,14.2,N/A
4,0.577882326,160793,GRUPO_4,SI,4,13.97,N/A
2,0.7023405626,160409,GRUPO_4,SI,2,6.32,N/A
5,0.4604033976,160417,GRUPO_4,SI,5,14.2,N/A
3,0.6706321569,160747,GRUPO_2,SI,3,8.34,N/A
5,0.4361923429,160997,GRUPO_2,SI,5,14.2,N/A
3,0.6424776703,161000,GRUPO_2,SI,3,8.34,N/A
1,0.76084551,158902,GRUPO_4,SI,1,3.44,N/A
2,0.7295189178,158798,GRUPO_4,SI,2,6.32,N/A
1,0.7762925662,160465,GRUPO_4,SI,1,3.44,N/A
2,0.72262004,160469,GRUPO_4,SI,2,6.32,N/A
5,0.4423647884,156718,GRUPO_2,SI,5,14.2,N/A
2,0.7043269772,158796,GRUPO_4,SI,2,6.32,N/A
4,0.5575308063,158800,GRUPO_4,SI,4,13.97,N/A
3,0.6732478963,159837,GRUPO_2,SI,3,8.34,N/A
1,0.8943200649,160227,GRUPO_2,SI,1,3.44,N/A
3,0.5838350805,161115,GRUPO_1,NO,3,8.34,N/A
2,0.6610965651,161225,GRUPO_1,NO,2,6.32,N/A
4,0.5298574333,161239,GRUPO_2,SI,4,13.97,N/A
3,0.669827166,160794,GRUPO_2,SI,3,8.34,N/A
2,0.7028470342,161083,GRUPO_4,SI,2,6.32,N/A
0,0.8947485283,161049,GRUPO_1,NO,0,1.2,N/A
0,0.8476020442,161060,GRUPO_1,NO,0,1.2,N/A
2,0.6910459686,161080,GRUPO_1,NO,2,6.32,N/A
0,0.853708475,161050,GRUPO_1,NO,0,1.2,N/A
0,0.853708475,161051,GRUPO_1,NO,0,1.2,N/A
0,0.91653439,160581,GRUPO_1,NO,0,1.2,N/A
0,0.9247400631,160582,GRUPO_1,NO,0,1.2,N/A
0,0.8884889524,160991,GRUPO_1,NO,0,1.2,N/A
3,0.6583604381,160528,GRUPO_2,SI,3,8.34,N/A
0,0.7721389472,161087,GRUPO_1,NO,0,1.2,N/A
1,0.8268355662,160813,GRUPO_2,SI,1,3.44,N/A
1,0.7924682962,161213,GRUPO_2,SI,1,3.44,N/A
2,0.6919027924,161249,GRUPO_1,NO,2,6.32,N/A
1,0.8671129175,160613,GRUPO_2,SI,1,3.44,N/A
1,0.7488091368,159870,GRUPO_1,NO,1,3.44,N/A
1,0.7338947569,159951,GRUPO_1,NO,1,3.44,N/A
1,0.7364633921,160501,GRUPO_1,NO,1,3.44,N/A
0,0.8753983024,161111,GRUPO_5,NO,0,1.2,N/A
0,0.8344933744,161144,GRUPO_1,NO,0,1.2,N/A
0,0.8056390548,161222,GRUPO_1,NO,0,1.2,N/A
1,0.7448683048,161227,GRUPO_1,NO,1,3.44,N/A
1,0.7708017652,161375,GRUPO_2,SI,1,3.44,N/A
1,0.7982193307,161506,GRUPO_4,SI,1,3.44,N/A
3,0.6653663485,161524,GRUPO_2,SI,3,8.34,N/A
1,0.752864543,160616,GRUPO_2,SI,1,3.44,N/A
1,0.8794220534,160806,GRUPO_2,SI,1,3.44,N/A
1,0.8268355662,160827,GRUPO_2,SI,1,3.44,N/A
1,0.8794744624,161028,GRUPO_4,SI,1,3.44,N/A
0,0.8069667018,161047,GRUPO_1,NO,0,1.2,N/A
3,0.6914829196,161487,GRUPO_4,SI,3,8.34,N/A
1,0.8533409756,161522,GRUPO_2,SI,1,3.44,N/A
1,0.8623994052,161538,GRUPO_2,SI,1,3.44,N/A
0,0.945608111,161666,GRUPO_5,NO,0,1.2,N/A
1,0.8340527077,161701,GRUPO_4,SI,1,3.44,N/A
1,0.8037485854,160963,GRUPO_4,SI,1,3.44,N/A
1,0.8276098977,160967,GRUPO_4,SI,1,3.44,N/A
0,0.8615231923,160986,GRUPO_5,NO,0,1.2,N/A
1,0.7532483744,161297,GRUPO_4,SI,1,3.44,N/A
2,0.7373976839,140847,GRUPO_2,SI,2,6.32,N/A
2,0.6521818744,160377,GRUPO_1,NO,2,6.32,N/A
2,0.6521818744,160379,GRUPO_1,NO,2,6.32,N/A
0,0.8363501388,160755,GRUPO_1,NO,0,1.2,N/A
1,0.8574803546,160804,GRUPO_2,SI,1,3.44,N/A
1,0.7966649286,161001,GRUPO_2,SI,1,3.44,N/A
0,0.7665396407,161044,GRUPO_1,NO,0,1.2,N/A
0,0.8589530629,161078,GRUPO_1,NO,0,1.2,N/A
0,0.7971459185,161081,GRUPO_1,NO,0,1.2,N/A
0,0.8279630861,161371,GRUPO_1,NO,0,1.2,N/A
0,0.7647932913,161374,GRUPO_1,NO,0,1.2,N/A
0,0.7840199674,161385,GRUPO_1,NO,0,1.2,N/A
0,0.847915822,161386,GRUPO_1,NO,0,1.2,N/A
0,0.9244453711,161387,GRUPO_1,NO,0,1.2,N/A
4,0.6140765252,161392,GRUPO_4,SI,4,13.97,N/A
0,0.8649746726,161440,GRUPO_1,NO,0,1.2,N/A
0,0.8608718259,161443,GRUPO_1,NO,0,1.2,N/A
4,0.5690842431,161523,GRUPO_2,SI,4,13.97,N/A
2,0.7484482739,161545,GRUPO_2,SI,2,6.32,N/A
4,0.5569090422,161577,GRUPO_2,SI,4,13.97,N/A
2,0.6816823955,161619,GRUPO_1,NO,2,6.32,N/A
4,0.5675191181,161621,GRUPO_2,SI,4,13.97,N/A
6,0.41183098,158833,GRUPO_2,SI,6,23.86,N/A
2,0.71718709,159579,GRUPO_2,SI,2,6.32,N/A
4,0.5096716902,160237,GRUPO_2,SI,4,13.97,N/A
4,0.5010009323,160245,GRUPO_2,SI,4,13.97,N/A
4,0.5822426334,160544,GRUPO_2,SI,4,13.97,N/A
6,0.366653946,160719,GRUPO_2,SI,6,23.86,N/A
6,0.3744223043,161045,GRUPO_4,SI,6,23.86,N/A
0,0.7685678845,161445,GRUPO_5,NO,0,1.2,N/A
1,0.740948002,161462,GRUPO_5,NO,1,3.44,N/A
0,0.7946112246,161467,GRUPO_5,NO,0,1.2,N/A
3,0.5611327005,161484,GRUPO_5,NO,3,8.34,N/A
0,0.7590548446,161519,GRUPO_5,NO,0,1.2,N/A
4,0.5313491671,161540,GRUPO_2,SI,4,13.97,N/A
5,0.47390734,161635,GRUPO_2,SI,5,14.2,N/A
3,0.6325399891,160456,GRUPO_4,SI,3,8.34,N/A
0,0.8808724842,161627,GRUPO_5,NO,0,1.2,N/A
3,0.6302936571,161732,GRUPO_2,SI,3,8.34,N/A
5,0.4766396295,161829,GRUPO_4,SI,5,14.2,N/A
5,0.4516408482,160406,GRUPO_4,SI,5,14.2,N/A
5,0.47390734,161202,GRUPO_2,SI,5,14.2,N/A
4,0.5031405652,161989,GRUPO_4,SI,4,13.97,N/A
4,0.5483333516,161178,GRUPO_2,SI,4,13.97,N/A
4,0.5010009323,161394,GRUPO_2,SI,4,13.97,N/A
4,0.5902467817,161591,GRUPO_2,SI,4,13.97,N/A
3,0.6893920948,161987,GRUPO_2,SI,3,8.34,N/A
2,0.7255160341,162184,GRUPO_2,SI,2,6.32,N/A
5,0.4852988116,160410,GRUPO_4,SI,5,14.2,N/A
5,0.4971238766,161706,GRUPO_2,SI,5,14.2,N/A
5,0.4516408482,161711,GRUPO_4,SI,5,14.2,N/A
6,0.4260359718,161747,GRUPO_2,SI,6,23.86,N/A
6,0.41183098,161787,GRUPO_2,SI,6,23.86,N/A
6,0.3544956012,161799,GRUPO_2,SI,6,23.86,N/A
6,0.4224702301,161810,GRUPO_2,SI,6,23.86,N/A
4,0.5537773041,161866,GRUPO_2,SI,4,13.97,N/A
6,0.3434308259,161871,GRUPO_4,SI,6,23.86,N/A
6,0.3874971282,160413,GRUPO_4,SI,6,23.86,N/A
1,0.7049882888,162096,GRUPO_5,NO,1,3.44,N/A
3,0.6672636844,161301,GRUPO_4,SI,3,8.34,N/A
5,0.3483900587,161796,GRUPO_1,NO,5,14.2,N/A
3,0.5424291984,161797,GRUPO_1,NO,3,8.34,N/A
5,0.3948607963,161920,GRUPO_1,NO,5,14.2,N/A
5,0.4886435259,162010,GRUPO_2,SI,5,14.2,N/A
3,0.69382565,162013,GRUPO_2,SI,3,8.34,N/A
6,0.4138301967,162017,GRUPO_4,SI,6,23.86,N/A
5,0.4387551916,162019,GRUPO_4,SI,5,14.2,N/A
1,0.7717027536,162021,GRUPO_4,SI,1,3.44,N/A
3,0.6941819142,162022,GRUPO_4,SI,3,8.34,N/A
0,0.8429181076,162157,GRUPO_1,NO,0,1.2,N/A
1,0.8485362541,162260,GRUPO_2,SI,1,3.44,N/A
2,0.7457488584,162101,GRUPO_2,SI,2,6.32,N/A
2,0.6521818744,162267,GRUPO_1,NO,2,6.32,N/A
4,0.6119242583,161903,GRUPO_4,SI,4,13.97,N/A
3,0.6993156685,161991,GRUPO_4,SI,3,8.34,N/A
4,0.6175245913,162264,GRUPO_2,SI,4,13.97,N/A
1,0.922345844,162089,GRUPO_2,SI,1,3.44,N/A
1,0.8671129175,162220,GRUPO_2,SI,1,3.44,N/A
1,0.843997246,162317,GRUPO_2,SI,1,3.44,N/A
2,0.6906028096,160969,GRUPO_1,NO,2,6.32,N/A
3,0.5924250532,160972,GRUPO_1,NO,3,8.34,N/A
0,0.8069667018,162105,GRUPO_1,NO,0,1.2,N/A
0,0.7697542105,162112,GRUPO_1,NO,0,1.2,N/A
1,0.7491859832,162217,GRUPO_5,NO,1,3.44,N/A
0,0.7705935581,162222,GRUPO_5,NO,0,1.2,N/A
2,0.6640469325,162310,GRUPO_1,NO,2,6.32,N/A
4,0.5580624439,162455,GRUPO_2,SI,4,13.97,N/A
3,0.6276536403,162481,GRUPO_2,SI,3,8.34,N/A
4,0.5472888551,162600,GRUPO_2,SI,4,13.97,N/A
1,0.8768608789,162708,GRUPO_4,SI,1,3.44,N/A
1,0.8506283393,162723,GRUPO_4,SI,1,3.44,N/A
0,0.8289443861,161899,GRUPO_1,NO,0,1.2,N/A
1,0.8805576337,162591,GRUPO_4,SI,1,3.44,N/A
0,0.832265388,162773,GRUPO_5,NO,0,1.2,N/A
1,0.7561137357,162597,GRUPO_2,SI,1,3.44,N/A
3,0.6398934212,162590,GRUPO_2,SI,3,8.34,N/A
0,0.8168136028,161102,GRUPO_5,NO,0,1.2,N/A
0,0.9191860492,162071,GRUPO_5,NO,0,1.2,N/A
1,0.8089769418,162592,GRUPO_2,SI,1,3.44,N/A
1,0.8079891453,162667,GRUPO_2,SI,1,3.44,N/A
1,0.8506283393,162725,GRUPO_4,SI,1,3.44,N/A
1,0.7521282646,162745,GRUPO_2,SI,1,3.44,N/A
0,0.7627273795,162907,GRUPO_1,NO,0,1.2,N/A
1,0.7917576594,162583,GRUPO_4,SI,1,3.44,N/A
1,0.9085796436,162586,GRUPO_4,SI,1,3.44,N/A
0,0.806636048,162672,GRUPO_1,NO,0,1.2,N/A
1,0.8275393585,162679,GRUPO_2,SI,1,3.44,N/A
0,0.7705556241,162699,GRUPO_1,NO,0,1.2,N/A
1,0.9066902923,162573,GRUPO_2,SI,1,3.44,N/A
1,0.9184522608,162847,GRUPO_2,SI,1,3.44,N/A
1,0.8824349307,162855,GRUPO_2,SI,1,3.44,N/A
1,0.8133132975,162182,GRUPO_2,SI,1,3.44,N/A
3,0.6826007329,162372,GRUPO_2,SI,3,8.34,N/A
2,0.7282558243,162385,GRUPO_2,SI,2,6.32,N/A
3,0.6618399927,162454,GRUPO_2,SI,3,8.34,N/A
2,0.7476890483,162527,GRUPO_2,SI,2,6.32,N/A
1,0.8977011312,162730,GRUPO_2,SI,1,3.44,N/A
4,0.5096716902,162846,GRUPO_2,SI,4,13.97,N/A
6,0.2985985649,162939,GRUPO_2,SI,6,23.86,N/A
2,0.7063699222,162099,GRUPO_2,SI,2,6.32,N/A
4,0.5692599953,162311,GRUPO_2,SI,4,13.97,N/A
6,0.3078051582,162354,GRUPO_2,SI,6,23.86,N/A
6,0.2895150197,162480,GRUPO_2,SI,6,23.86,N/A
6,0.3246237359,162487,GRUPO_2,SI,6,23.86,N/A
3,0.6324250816,162526,GRUPO_2,SI,3,8.34,N/A
6,0.4161545213,162554,GRUPO_4,SI,6,23.86,N/A
4,0.5163454617,162589,GRUPO_4,SI,4,13.97,N/A
4,0.5693812038,162619,GRUPO_4,SI,4,13.97,N/A
4,0.5314722634,162623,GRUPO_4,SI,4,13.97,N/A
2,0.7295033217,162625,GRUPO_4,SI,2,6.32,N/A
5,0.4596547025,162626,GRUPO_4,SI,5,14.2,N/A
3,0.5237978957,162703,GRUPO_1,NO,3,8.34,N/A
4,0.6037409307,162940,GRUPO_2,SI,4,13.97,N/A
6,0.4089597076,162489,GRUPO_2,SI,6,23.86,N/A
6,0.3973840189,162634,GRUPO_4,SI,6,23.86,N/A
1,0.7407260309,162212,GRUPO_1,NO,1,3.44,N/A
0,0.8062690858,162214,GRUPO_1,NO,0,1.2,N/A
2,0.6732110371,162215,GRUPO_1,NO,2,6.32,N/A
4,0.5159061738,162488,GRUPO_2,SI,4,13.97,N/A
3,0.6432924119,160459,GRUPO_4,SI,3,8.34,N/A
5,0.4888262299,161843,GRUPO_4,SI,5,14.2,N/A
5,0.4888262299,162594,GRUPO_4,SI,5,14.2,N/A
3,0.5911368842,163049,GRUPO_1,NO,3,8.34,N/A
3,0.5142013523,162850,GRUPO_5,NO,3,8.34,N/A
4,0.4855148954,162851,GRUPO_5,NO,4,13.97,N/A
5,0.3495211626,162852,GRUPO_5,NO,5,14.2,N/A
5,0.4694094316,160834,GRUPO_2,SI,5,14.2,N/A
1,0.756051798,161089,GRUPO_4,SI,1,3.44,N/A
4,0.5792348357,161091,GRUPO_4,SI,4,13.97,N/A
5,0.4922011576,161567,GRUPO_4,SI,5,14.2,N/A
3,0.6389762663,161590,GRUPO_4,SI,3,8.34,N/A
6,0.4234798061,162638,GRUPO_4,SI,6,23.86,N/A
4,0.4400981401,162646,GRUPO_1,NO,4,13.97,N/A
6,0.2691017904,162772,GRUPO_4,SI,6,23.86,N/A
6,0.2540776074,162774,GRUPO_4,SI,6,23.86,N/A
4,0.6085427255,162797,GRUPO_4,SI,4,13.97,N/A
4,0.5139541493,162863,GRUPO_4,SI,4,13.97,N/A
4,0.5445796342,162886,GRUPO_4,SI,4,13.97,N/A
4,0.4339585331,162624,GRUPO_1,NO,4,13.97,N/A
3,0.5827272937,162642,GRUPO_1,NO,3,8.34,N/A
4,0.4894459375,162647,GRUPO_1,NO,4,13.97,N/A
2,0.6428178284,162189,GRUPO_1,NO,2,6.32,N/A
2,0.6247638368,162208,GRUPO_1,NO,2,6.32,N/A
3,0.5717820434,162508,GRUPO_1,NO,3,8.34,N/A
3,0.5308537144,162513,GRUPO_1,NO,3,8.34,N/A
3,0.5247119525,162519,GRUPO_1,NO,3,8.34,N/A
2,0.6316781727,162534,GRUPO_1,NO,2,6.32,N/A
6,0.3800937473,162614,GRUPO_4,SI,6,23.86,N/A
5,0.460245261,162615,GRUPO_4,SI,5,14.2,N/A
5,0.4852988116,162618,GRUPO_4,SI,5,14.2,N/A
3,0.5911368842,162648,GRUPO_1,NO,3,8.34,N/A
6,0.3671333837,162856,GRUPO_4,SI,6,23.86,N/A
3,0.6697501678,163099,GRUPO_2,SI,3,8.34,N/A
3,0.6940843966,163109,GRUPO_2,SI,3,8.34,N/A
3,0.6940843966,163255,GRUPO_2,SI,3,8.34,N/A
4,0.5696043685,163261,GRUPO_2,SI,4,13.97,N/A
3,0.68818776,163269,GRUPO_2,SI,3,8.34,N/A
3,0.6893920948,162001,GRUPO_2,SI,3,8.34,N/A
2,0.7255160341,162053,GRUPO_2,SI,2,6.32,N/A
2,0.7245029371,162269,GRUPO_2,SI,2,6.32,N/A
5,0.4545600097,162981,GRUPO_2,SI,5,14.2,N/A
4,0.5175542722,163054,GRUPO_2,SI,4,13.97,N/A
4,0.5424705279,162645,GRUPO_4,SI,4,13.97,N/A
6,0.4138301967,161015,GRUPO_4,SI,6,23.86,N/A
5,0.4416793284,161046,GRUPO_4,SI,5,14.2,N/A
0,0.8209178411,163422,GRUPO_5,NO,0,1.2,N/A
4,0.5910576503,163540,GRUPO_2,SI,4,13.97,N/A
5,0.474421969,163452,GRUPO_4,SI,5,14.2,N/A
0,0.7616854574,161911,GRUPO_1,NO,0,1.2,N/A
4,0.5693812038,163454,GRUPO_4,SI,4,13.97,N/A
6,0.2540776074,162601,GRUPO_4,SI,6,23.86,N/A
5,0.4550718024,162609,GRUPO_4,SI,5,14.2,N/A
6,0.4062723379,162859,GRUPO_4,SI,6,23.86,N/A
6,0.3837545987,162923,GRUPO_4,SI,6,23.86,N/A
4,0.5163454617,163038,GRUPO_4,SI,4,13.97,N/A
4,0.4329064794,163883,GRUPO_5,NO,4,13.97,N/A
5,0.4789245543,163468,GRUPO_4,SI,5,14.2,N/A
3,0.5561398013,163486,GRUPO_1,NO,3,8.34,N/A
2,0.6224061526,163489,GRUPO_1,NO,2,6.32,N/A
3,0.637564968,163725,GRUPO_2,SI,3,8.34,N/A
5,0.4855261784,163754,GRUPO_2,SI,5,14.2,N/A
1,0.7738490288,163850,GRUPO_2,SI,1,3.44,N/A
1,0.7187857393,163488,GRUPO_1,NO,1,3.44,N/A
3,0.5121396886,163491,GRUPO_1,NO,3,8.34,N/A
4,0.5043964951,163577,GRUPO_4,SI,4,13.97,N/A
4,0.5821241426,163592,GRUPO_4,SI,4,13.97,N/A
1,0.7891753767,163596,GRUPO_4,SI,1,3.44,N/A
5,0.4657812328,163579,GRUPO_4,SI,5,14.2,N/A
3,0.6726652077,163588,GRUPO_4,SI,3,8.34,N/A
3,0.6384169371,163594,GRUPO_4,SI,3,8.34,N/A
2,0.7219226426,163697,GRUPO_4,SI,2,6.32,N/A
4,0.6065762561,163853,GRUPO_2,SI,4,13.97,N/A
6,0.4260359718,163692,GRUPO_2,SI,6,23.86,N/A
5,0.4661247793,163926,GRUPO_2,SI,5,14.2,N/A
3,0.5769606326,163133,GRUPO_1,NO,3,8.34,N/A
4,0.476598091,163438,GRUPO_1,NO,4,13.97,N/A
2,0.6316781727,163450,GRUPO_1,NO,2,6.32,N/A
3,0.5987408909,163903,GRUPO_1,NO,3,8.34,N/A
4,0.5910576503,163970,GRUPO_2,SI,4,13.97,N/A
5,0.4768666981,163983,GRUPO_2,SI,5,14.2,N/A
2,0.6854316139,162511,GRUPO_1,NO,2,6.32,N/A
3,0.5121396886,163866,GRUPO_1,NO,3,8.34,N/A
2,0.6928622983,163870,GRUPO_1,NO,2,6.32,N/A
2,0.6672267125,163907,GRUPO_1,NO,2,6.32,N/A
4,0.609794339,164118,GRUPO_2,SI,4,13.97,N/A
4,0.528470741,163906,GRUPO_2,SI,4,13.97,N/A
4,0.5782263587,164159,GRUPO_2,SI,4,13.97,N/A
4,0.5323278238,163880,GRUPO_2,SI,4,13.97,N/A
6,0.3910047886,163925,GRUPO_2,SI,6,23.86,N/A
2,0.6397111809,164175,GRUPO_1,NO,2,6.32,N/A
2,0.6928622983,164160,GRUPO_1,NO,2,6.32,N/A
4,0.5675191181,163611,GRUPO_2,SI,4,13.97,N/A
5,0.47390734,163615,GRUPO_2,SI,5,14.2,N/A
2,0.7398528649,163617,GRUPO_2,SI,2,6.32,N/A
1,0.8109344842,163619,GRUPO_2,SI,1,3.44,N/A
4,0.5096716902,163620,GRUPO_2,SI,4,13.97,N/A
3,0.6432924119,163817,GRUPO_4,SI,3,8.34,N/A
1,0.851224342,163827,GRUPO_4,SI,1,3.44,N/A
2,0.6340736599,163868,GRUPO_1,NO,2,6.32,N/A
4,0.6113658095,163816,GRUPO_4,SI,4,13.97,N/A
3,0.6208426316,163822,GRUPO_4,SI,3,8.34,N/A
4,0.5445796342,163967,GRUPO_4,SI,4,13.97,N/A
5,0.496585852,163821,GRUPO_4,SI,5,14.2,N/A
4,0.5905373474,164040,GRUPO_4,SI,4,13.97,N/A
3,0.5406532203,163645,GRUPO_5,NO,3,8.34,N/A
1,0.7482209314,163666,GRUPO_5,NO,1,3.44,N/A
4,0.4520960858,164239,GRUPO_5,NO,4,13.97,N/A
2,0.6866053365,164268,GRUPO_5,NO,2,6.32,N/A
3,0.620198618,163256,GRUPO_4,SI,3,8.34,N/A
4,0.5008511563,163259,GRUPO_4,SI,4,13.97,N/A
3,0.6155103713,164346,GRUPO_5,NO,3,8.34,N/A
1,0.7264621673,163646,GRUPO_5,NO,1,3.44,N/A
5,0.4820081671,163354,GRUPO_2,SI,5,14.2,N/A
6,0.3517849838,163362,GRUPO_2,SI,6,23.86,N/A
4,0.5986092134,163381,GRUPO_2,SI,4,13.97,N/A
3,0.6651793438,162405,GRUPO_2,SI,3,8.34,N/A
5,0.4484189899,162731,GRUPO_2,SI,5,14.2,N/A
3,0.5954921192,164072,GRUPO_1,NO,3,8.34,N/A
5,0.397699688,164197,GRUPO_1,NO,5,14.2,N/A
3,0.5740228171,164414,GRUPO_1,NO,3,8.34,N/A
3,0.6201554638,164507,GRUPO_2,SI,3,8.34,N/A
3,0.621338216,164508,GRUPO_2,SI,3,8.34,N/A
4,0.5782263587,164517,GRUPO_2,SI,4,13.97,N/A
6,0.3724924869,162154,GRUPO_2,SI,6,23.86,N/A
4,0.609794339,163250,GRUPO_2,SI,4,13.97,N/A
4,0.5566308533,163252,GRUPO_2,SI,4,13.97,N/A
2,0.6397111809,164071,GRUPO_1,NO,2,6.32,N/A
3,0.5662897011,164411,GRUPO_1,NO,3,8.34,N/A
3,0.50483224,164679,GRUPO_5,NO,3,8.34,N/A
6,0.4014298829,163609,GRUPO_2,SI,6,23.86,N/A
4,0.6065762561,163604,GRUPO_2,SI,4,13.97,N/A
2,0.7226713021,163632,GRUPO_2,SI,2,6.32,N/A
5,0.4442430712,163923,GRUPO_4,SI,5,14.2,N/A
6,0.366653946,164227,GRUPO_2,SI,6,23.86,N/A
5,0.460779951,164231,GRUPO_2,SI,5,14.2,N/A
2,0.7148049677,164566,GRUPO_2,SI,2,6.32,N/A
6,0.3624726315,164666,GRUPO_2,SI,6,23.86,N/A
4,0.5760122019,164765,GRUPO_2,SI,4,13.97,N/A
5,0.4516408482,163884,GRUPO_4,SI,5,14.2,N/A
5,0.4442430712,163892,GRUPO_4,SI,5,14.2,N/A
5,0.4442430712,163899,GRUPO_4,SI,5,14.2,N/A
6,0.3151431209,164119,GRUPO_2,SI,6,23.86,N/A
5,0.4668224477,164453,GRUPO_2,SI,5,14.2,N/A
3,0.6581440655,164540,GRUPO_2,SI,3,8.34,N/A
3,0.6709932678,164242,GRUPO_2,SI,3,8.34,N/A
4,0.6037409307,164485,GRUPO_2,SI,4,13.97,N/A
4,0.5313491671,164834,GRUPO_2,SI,4,13.97,N/A
5,0.4501274291,164406,GRUPO_2,SI,5,14.2,N/A
1,0.8252759662,164648,GRUPO_2,SI,1,3.44,N/A
2,0.6394001539,164832,GRUPO_5,NO,2,6.32,N/A
2,0.6305230998,164202,GRUPO_1,NO,2,6.32,N/A
0,0.7919391176,164212,GRUPO_1,NO,0,1.2,N/A
2,0.6460478674,164213,GRUPO_1,NO,2,6.32,N/A
0,0.7679609522,164373,GRUPO_1,NO,0,1.2,N/A
0,0.7565089127,164376,GRUPO_1,NO,0,1.2,N/A
3,0.5761035756,164524,GRUPO_1,NO,3,8.34,N/A
4,0.5507815635,164619,GRUPO_2,SI,4,13.97,N/A
4,0.6065762561,164632,GRUPO_2,SI,4,13.97,N/A
4,0.5042729204,164635,GRUPO_2,SI,4,13.97,N/A
3,0.503470056,164701,GRUPO_1,NO,3,8.34,N/A
0,0.761722321,164759,GRUPO_1,NO,0,1.2,N/A
2,0.7100986693,164800,GRUPO_2,SI,2,6.32,N/A
2,0.6760631233,164971,GRUPO_1,NO,2,6.32,N/A
0,0.8301117707,164375,GRUPO_1,NO,0,1.2,N/A
2,0.6684205129,164795,GRUPO_1,NO,2,6.32,N/A
4,0.5970753992,165091,GRUPO_2,SI,4,13.97,N/A
4,0.5782263587,165093,GRUPO_2,SI,4,13.97,N/A
5,0.4501274291,162353,GRUPO_2,SI,5,14.2,N/A
6,0.4014298829,162399,GRUPO_2,SI,6,23.86,N/A
3,0.5954921192,163132,GRUPO_1,NO,3,8.34,N/A
4,0.5822426334,163765,GRUPO_2,SI,4,13.97,N/A
6,0.41183098,163778,GRUPO_2,SI,6,23.86,N/A
6,0.3931241809,163871,GRUPO_2,SI,6,23.86,N/A
3,0.6963012091,163874,GRUPO_2,SI,3,8.34,N/A
6,0.41183098,163891,GRUPO_2,SI,6,23.86,N/A
3,0.5142013523,164914,GRUPO_5,NO,3,8.34,N/A
1,0.7284959514,164919,GRUPO_5,NO,1,3.44,N/A
0,0.7685678845,164921,GRUPO_5,NO,0,1.2,N/A
0,0.7946112246,165052,GRUPO_5,NO,0,1.2,N/A
5,0.47390734,164899,GRUPO_2,SI,5,14.2,N/A
4,0.6065762561,164900,GRUPO_2,SI,4,13.97,N/A
5,0.4768666981,164902,GRUPO_2,SI,5,14.2,N/A
6,0.3849000291,164911,GRUPO_2,SI,6,23.86,N/A
4,0.6037409307,165123,GRUPO_2,SI,4,13.97,N/A
5,0.47390734,164784,GRUPO_2,SI,5,14.2,N/A
3,0.5983191293,157654,GRUPO_5,NO,3,8.34,N/A
6,0.416711555,164572,GRUPO_4,SI,6,23.86,N/A
4,0.6017788337,164614,GRUPO_4,SI,4,13.97,N/A
3,0.5458698282,164650,GRUPO_5,NO,3,8.34,N/A
3,0.6270685986,164757,GRUPO_2,SI,3,8.34,N/A
3,0.5235658085,164927,GRUPO_5,NO,3,8.34,N/A
4,0.596949022,165339,GRUPO_2,SI,4,13.97,N/A
6,0.3491034018,164571,GRUPO_4,SI,6,23.86,N/A
5,0.4971959786,164755,GRUPO_2,SI,5,14.2,N/A
4,0.6043090192,164567,GRUPO_4,SI,4,13.97,N/A
6,0.3544956012,164749,GRUPO_2,SI,6,23.86,N/A
2,0.71718709,164751,GRUPO_2,SI,2,6.32,N/A
4,0.6087031279,164752,GRUPO_2,SI,4,13.97,N/A
4,0.6087031279,164754,GRUPO_2,SI,4,13.97,N/A
4,0.619402669,165141,GRUPO_2,SI,4,13.97,N/A
1,0.7159674292,165157,GRUPO_1,NO,1,3.44,N/A
1,0.718336639,165169,GRUPO_1,NO,1,3.44,N/A
2,0.6316781727,165247,GRUPO_1,NO,2,6.32,N/A
1,0.7360068419,165240,GRUPO_1,NO,1,3.44,N/A
1,0.7360068419,165333,GRUPO_1,NO,1,3.44,N/A
2,0.6686904772,165171,GRUPO_1,NO,2,6.32,N/A
3,0.6832981554,165332,GRUPO_2,SI,3,8.34,N/A
0,0.8137413036,165463,GRUPO_5,NO,0,1.2,N/A
3,0.6936825819,165249,GRUPO_4,SI,3,8.34,N/A
3,0.6157305422,165046,GRUPO_1,NO,3,8.34,N/A
3,0.6157305422,165554,GRUPO_1,NO,3,8.34,N/A
3,0.5676109481,165149,GRUPO_1,NO,3,8.34,N/A
3,0.5949810335,163071,GRUPO_1,NO,3,8.34,N/A
3,0.5865952154,165047,GRUPO_1,NO,3,8.34,N/A
4,0.5416157544,165237,GRUPO_2,SI,4,13.97,N/A
6,0.4112758702,165150,GRUPO_2,SI,6,23.86,N/A
5,0.47390734,165152,GRUPO_2,SI,5,14.2,N/A
3,0.5647348649,165370,GRUPO_1,NO,3,8.34,N/A
5,0.4501274291,165225,GRUPO_2,SI,5,14.2,N/A
4,0.5219326803,165452,GRUPO_2,SI,4,13.97,N/A
4,0.5910576503,165511,GRUPO_2,SI,4,13.97,N/A
2,0.6397111809,165167,GRUPO_1,NO,2,6.32,N/A
6,0.3570262057,165366,GRUPO_4,SI,6,23.86,N/A
3,0.6469390688,165372,GRUPO_4,SI,3,8.34,N/A
4,0.5440534744,165373,GRUPO_4,SI,4,13.97,N/A
3,0.6741837441,165427,GRUPO_4,SI,3,8.34,N/A
5,0.460245261,165555,GRUPO_4,SI,5,14.2,N/A
1,0.7544767344,165428,GRUPO_4,SI,1,3.44,N/A
3,0.6688195879,165432,GRUPO_4,SI,3,8.34,N/A
2,0.7028470342,164317,GRUPO_4,SI,2,6.32,N/A
1,0.7614262967,163826,GRUPO_4,SI,1,3.44,N/A
3,0.6234039099,164943,GRUPO_4,SI,3,8.34,N/A
4,0.5210024407,164944,GRUPO_4,SI,4,13.97,N/A
4,0.5239629893,164945,GRUPO_4,SI,4,13.97,N/A
4,0.6188548265,164980,GRUPO_4,SI,4,13.97,N/A
4,0.6130761096,165164,GRUPO_4,SI,4,13.97,N/A
5,0.4303860121,165422,GRUPO_4,SI,5,14.2,N/A
5,0.4858086687,163825,GRUPO_4,SI,5,14.2,N/A
4,0.5876136767,165832,GRUPO_4,SI,4,13.97,N/A
3,0.6880928138,165849,GRUPO_4,SI,3,8.34,N/A
2,0.7095410852,165834,GRUPO_4,SI,2,6.32,N/A
3,0.6210006535,162963,GRUPO_2,SI,3,8.34,N/A
3,0.6210006535,164002,GRUPO_2,SI,3,8.34,N/A
2,0.7273255338,164003,GRUPO_2,SI,2,6.32,N/A
4,0.5239629893,165669,GRUPO_4,SI,4,13.97,N/A
4,0.5863202428,165665,GRUPO_4,SI,4,13.97,N/A
0,0.7598874006,166122,GRUPO_5,NO,0,1.2,N/A
0,0.7598874006,166121,GRUPO_5,NO,0,1.2,N/A
0,0.8660426602,166134,GRUPO_5,NO,0,1.2,N/A
0,0.7801799071,166204,GRUPO_5,NO,0,1.2,N/A
5,0.4303860121,165855,GRUPO_4,SI,5,14.2,N/A
6,0.3774659175,165833,GRUPO_4,SI,6,23.86,N/A
6,0.4050959516,166163,GRUPO_2,SI,6,23.86,N/A
5,0.4509378047,166165,GRUPO_2,SI,5,14.2,N/A
0,0.7729530264,163689,GRUPO_1,NO,0,1.2,N/A
1,0.7075391235,163971,GRUPO_1,NO,1,3.44,N/A
6,0.417507449,166130,GRUPO_4,SI,6,23.86,N/A
0,0.8537691849,166390,GRUPO_5,NO,0,1.2,N/A
5,0.4575601796,166384,GRUPO_4,SI,5,14.2,N/A
4,0.5320150921,166385,GRUPO_4,SI,4,13.97,N/A
4,0.5718750197,166031,GRUPO_4,SI,4,13.97,N/A
6,0.3297721282,166060,GRUPO_4,SI,6,23.86,N/A
5,0.4844760615,166330,GRUPO_4,SI,5,14.2,N/A
2,0.7346356183,166293,GRUPO_4,SI,2,6.32,N/A
3,0.6776571157,166311,GRUPO_4,SI,3,8.34,N/A
1,0.7604041933,166323,GRUPO_4,SI,1,3.44,N/A
3,0.6437211637,166326,GRUPO_4,SI,3,8.34,N/A
0,0.8644252934,166103,GRUPO_1,NO,0,1.2,N/A
3,0.6762117337,166447,GRUPO_2,SI,3,8.34,N/A
0,0.8520289503,166474,GRUPO_1,NO,0,1.2,N/A
3,0.6837597258,166507,GRUPO_2,SI,3,8.34,N/A
3,0.6706321569,166508,GRUPO_2,SI,3,8.34,N/A
3,0.6667021768,166537,GRUPO_2,SI,3,8.34,N/A
1,0.7793631458,166667,GRUPO_2,SI,1,3.44,N/A
0,0.8476020442,166176,GRUPO_1,NO,0,1.2,N/A
2,0.6990748394,166209,GRUPO_1,NO,2,6.32,N/A
1,0.7366268641,166490,GRUPO_1,NO,1,3.44,N/A
